m,TagName,
"2008-07-01 00:00:00","c#","3"
"2008-08-01 00:00:00","assembly","8"
"2008-08-01 00:00:00","c","82"
"2008-08-01 00:00:00","c#","503"
"2008-08-01 00:00:00","c++","164"
"2008-08-01 00:00:00","delphi","13"
"2008-08-01 00:00:00","java","220"
"2008-08-01 00:00:00","javascript","160"
"2008-08-01 00:00:00","perl","28"
"2008-08-01 00:00:00","php","157"
"2008-08-01 00:00:00","python","119"
"2008-08-01 00:00:00","ruby","68"
"2008-09-01 00:00:00","assembly","28"
"2008-09-01 00:00:00","c","320"
"2008-09-01 00:00:00","c#","1636"
"2008-09-01 00:00:00","c++","749"
"2008-09-01 00:00:00","delphi","104"
"2008-09-01 00:00:00","java","1121"
"2008-09-01 00:00:00","javascript","629"
"2008-09-01 00:00:00","perl","128"
"2008-09-01 00:00:00","php","471"
"2008-09-01 00:00:00","python","533"
"2008-09-01 00:00:00","r","6"
"2008-09-01 00:00:00","ruby","285"
"2008-10-01 00:00:00","assembly","16"
"2008-10-01 00:00:00","c","302"
"2008-10-01 00:00:00","c#","1982"
"2008-10-01 00:00:00","c++","804"
"2008-10-01 00:00:00","delphi","112"
"2008-10-01 00:00:00","java","1142"
"2008-10-01 00:00:00","javascript","720"
"2008-10-01 00:00:00","perl","128"
"2008-10-01 00:00:00","php","603"
"2008-10-01 00:00:00","python","504"
"2008-10-01 00:00:00","ruby","245"
"2008-11-01 00:00:00","assembly","16"
"2008-11-01 00:00:00","c","257"
"2008-11-01 00:00:00","c#","1727"
"2008-11-01 00:00:00","c++","733"
"2008-11-01 00:00:00","delphi","139"
"2008-11-01 00:00:00","java","951"
"2008-11-01 00:00:00","javascript","581"
"2008-11-01 00:00:00","perl","97"
"2008-11-01 00:00:00","php","497"
"2008-11-01 00:00:00","python","446"
"2008-11-01 00:00:00","r","1"
"2008-11-01 00:00:00","ruby","154"
"2008-12-01 00:00:00","assembly","17"
"2008-12-01 00:00:00","c","188"
"2008-12-01 00:00:00","c#","1593"
"2008-12-01 00:00:00","c++","630"
"2008-12-01 00:00:00","delphi","133"
"2008-12-01 00:00:00","java","825"
"2008-12-01 00:00:00","javascript","625"
"2008-12-01 00:00:00","perl","133"
"2008-12-01 00:00:00","php","471"
"2008-12-01 00:00:00","python","437"
"2008-12-01 00:00:00","r","1"
"2008-12-01 00:00:00","ruby","159"
"2009-01-01 00:00:00","assembly","22"
"2009-01-01 00:00:00","c","317"
"2009-01-01 00:00:00","c#","2367"
"2009-01-01 00:00:00","c++","844"
"2009-01-01 00:00:00","delphi","163"
"2009-01-01 00:00:00","java","1140"
"2009-01-01 00:00:00","javascript","787"
"2009-01-01 00:00:00","perl","146"
"2009-01-01 00:00:00","php","623"
"2009-01-01 00:00:00","python","630"
"2009-01-01 00:00:00","r","8"
"2009-01-01 00:00:00","ruby","205"
"2009-01-01 00:00:00","swift","1"
"2009-02-01 00:00:00","assembly","36"
"2009-02-01 00:00:00","c","332"
"2009-02-01 00:00:00","c#","2595"
"2009-02-01 00:00:00","c++","841"
"2009-02-01 00:00:00","delphi","165"
"2009-02-01 00:00:00","java","1200"
"2009-02-01 00:00:00","javascript","944"
"2009-02-01 00:00:00","perl","162"
"2009-02-01 00:00:00","php","747"
"2009-02-01 00:00:00","python","629"
"2009-02-01 00:00:00","r","8"
"2009-02-01 00:00:00","ruby","286"
"2009-02-01 00:00:00","swift","1"
"2009-03-01 00:00:00","assembly","24"
"2009-03-01 00:00:00","c","428"
"2009-03-01 00:00:00","c#","3154"
"2009-03-01 00:00:00","c++","1044"
"2009-03-01 00:00:00","delphi","161"
"2009-03-01 00:00:00","java","1424"
"2009-03-01 00:00:00","javascript","1006"
"2009-03-01 00:00:00","perl","136"
"2009-03-01 00:00:00","php","889"
"2009-03-01 00:00:00","python","764"
"2009-03-01 00:00:00","r","4"
"2009-03-01 00:00:00","ruby","329"
"2009-03-01 00:00:00","swift","1"
"2009-04-01 00:00:00","assembly","50"
"2009-04-01 00:00:00","c","454"
"2009-04-01 00:00:00","c#","3301"
"2009-04-01 00:00:00","c++","1015"
"2009-04-01 00:00:00","delphi","185"
"2009-04-01 00:00:00","java","1526"
"2009-04-01 00:00:00","javascript","1041"
"2009-04-01 00:00:00","perl","161"
"2009-04-01 00:00:00","php","942"
"2009-04-01 00:00:00","python","768"
"2009-04-01 00:00:00","r","12"
"2009-04-01 00:00:00","ruby","356"
"2009-05-01 00:00:00","assembly","46"
"2009-05-01 00:00:00","c","478"
"2009-05-01 00:00:00","c#","3546"
"2009-05-01 00:00:00","c++","1211"
"2009-05-01 00:00:00","delphi","202"
"2009-05-01 00:00:00","java","1810"
"2009-05-01 00:00:00","javascript","1427"
"2009-05-01 00:00:00","perl","196"
"2009-05-01 00:00:00","php","1161"
"2009-05-01 00:00:00","python","995"
"2009-05-01 00:00:00","r","2"
"2009-05-01 00:00:00","ruby","400"
"2009-05-01 00:00:00","swift","2"
"2009-06-01 00:00:00","assembly","47"
"2009-06-01 00:00:00","c","498"
"2009-06-01 00:00:00","c#","3869"
"2009-06-01 00:00:00","c++","1248"
"2009-06-01 00:00:00","delphi","220"
"2009-06-01 00:00:00","java","2108"
"2009-06-01 00:00:00","javascript","1546"
"2009-06-01 00:00:00","perl","246"
"2009-06-01 00:00:00","php","1563"
"2009-06-01 00:00:00","python","1038"
"2009-06-01 00:00:00","r","5"
"2009-06-01 00:00:00","ruby","431"
"2009-07-01 00:00:00","assembly","32"
"2009-07-01 00:00:00","c","537"
"2009-07-01 00:00:00","c#","4401"
"2009-07-01 00:00:00","c++","1462"
"2009-07-01 00:00:00","delphi","269"
"2009-07-01 00:00:00","java","2249"
"2009-07-01 00:00:00","javascript","1750"
"2009-07-01 00:00:00","perl","256"
"2009-07-01 00:00:00","php","1996"
"2009-07-01 00:00:00","python","1158"
"2009-07-01 00:00:00","r","49"
"2009-07-01 00:00:00","ruby","498"
"2009-08-01 00:00:00","assembly","48"
"2009-08-01 00:00:00","c","530"
"2009-08-01 00:00:00","c#","4439"
"2009-08-01 00:00:00","c++","1395"
"2009-08-01 00:00:00","delphi","246"
"2009-08-01 00:00:00","java","2184"
"2009-08-01 00:00:00","javascript","1855"
"2009-08-01 00:00:00","perl","248"
"2009-08-01 00:00:00","php","2160"
"2009-08-01 00:00:00","python","1130"
"2009-08-01 00:00:00","r","47"
"2009-08-01 00:00:00","ruby","483"
"2009-08-01 00:00:00","swift","3"
"2009-09-01 00:00:00","assembly","62"
"2009-09-01 00:00:00","c","572"
"2009-09-01 00:00:00","c#","4345"
"2009-09-01 00:00:00","c++","1461"
"2009-09-01 00:00:00","delphi","251"
"2009-09-01 00:00:00","java","2256"
"2009-09-01 00:00:00","javascript","1755"
"2009-09-01 00:00:00","perl","247"
"2009-09-01 00:00:00","php","2240"
"2009-09-01 00:00:00","python","1167"
"2009-09-01 00:00:00","r","138"
"2009-09-01 00:00:00","ruby","477"
"2009-09-01 00:00:00","swift","3"
"2009-10-01 00:00:00","assembly","73"
"2009-10-01 00:00:00","c","770"
"2009-10-01 00:00:00","c#","4716"
"2009-10-01 00:00:00","c++","1683"
"2009-10-01 00:00:00","delphi","254"
"2009-10-01 00:00:00","java","2497"
"2009-10-01 00:00:00","javascript","2042"
"2009-10-01 00:00:00","perl","281"
"2009-10-01 00:00:00","php","2334"
"2009-10-01 00:00:00","python","1414"
"2009-10-01 00:00:00","r","73"
"2009-10-01 00:00:00","ruby","491"
"2009-10-01 00:00:00","swift","1"
"2009-11-01 00:00:00","assembly","82"
"2009-11-01 00:00:00","c","958"
"2009-11-01 00:00:00","c#","4673"
"2009-11-01 00:00:00","c++","1744"
"2009-11-01 00:00:00","delphi","273"
"2009-11-01 00:00:00","go","65"
"2009-11-01 00:00:00","java","2752"
"2009-11-01 00:00:00","javascript","2232"
"2009-11-01 00:00:00","perl","322"
"2009-11-01 00:00:00","php","2660"
"2009-11-01 00:00:00","python","1548"
"2009-11-01 00:00:00","r","93"
"2009-11-01 00:00:00","ruby","653"
"2009-11-01 00:00:00","swift","3"
"2009-12-01 00:00:00","assembly","62"
"2009-12-01 00:00:00","c","848"
"2009-12-01 00:00:00","c#","4479"
"2009-12-01 00:00:00","c++","1650"
"2009-12-01 00:00:00","delphi","281"
"2009-12-01 00:00:00","go","11"
"2009-12-01 00:00:00","java","2674"
"2009-12-01 00:00:00","javascript","2299"
"2009-12-01 00:00:00","perl","261"
"2009-12-01 00:00:00","php","2787"
"2009-12-01 00:00:00","python","1583"
"2009-12-01 00:00:00","r","80"
"2009-12-01 00:00:00","ruby","570"
"2009-12-01 00:00:00","swift","1"
"2010-01-01 00:00:00","assembly","100"
"2010-01-01 00:00:00","c","977"
"2010-01-01 00:00:00","c#","5105"
"2010-01-01 00:00:00","c++","1994"
"2010-01-01 00:00:00","delphi","302"
"2010-01-01 00:00:00","go","15"
"2010-01-01 00:00:00","java","3714"
"2010-01-01 00:00:00","javascript","2617"
"2010-01-01 00:00:00","perl","299"
"2010-01-01 00:00:00","php","3401"
"2010-01-01 00:00:00","python","1932"
"2010-01-01 00:00:00","r","93"
"2010-01-01 00:00:00","ruby","682"
"2010-02-01 00:00:00","assembly","69"
"2010-02-01 00:00:00","c","1034"
"2010-02-01 00:00:00","c#","5088"
"2010-02-01 00:00:00","c++","2274"
"2010-02-01 00:00:00","delphi","283"
"2010-02-01 00:00:00","go","7"
"2010-02-01 00:00:00","java","3570"
"2010-02-01 00:00:00","javascript","2635"
"2010-02-01 00:00:00","perl","347"
"2010-02-01 00:00:00","php","3132"
"2010-02-01 00:00:00","python","1860"
"2010-02-01 00:00:00","r","122"
"2010-02-01 00:00:00","ruby","686"
"2010-02-01 00:00:00","swift","2"
"2010-03-01 00:00:00","assembly","123"
"2010-03-01 00:00:00","c","1112"
"2010-03-01 00:00:00","c#","6020"
"2010-03-01 00:00:00","c++","2428"
"2010-03-01 00:00:00","delphi","315"
"2010-03-01 00:00:00","go","8"
"2010-03-01 00:00:00","java","4435"
"2010-03-01 00:00:00","javascript","2983"
"2010-03-01 00:00:00","perl","390"
"2010-03-01 00:00:00","php","3704"
"2010-03-01 00:00:00","python","2068"
"2010-03-01 00:00:00","r","139"
"2010-03-01 00:00:00","ruby","692"
"2010-03-01 00:00:00","swift","1"
"2010-04-01 00:00:00","assembly","124"
"2010-04-01 00:00:00","c","1179"
"2010-04-01 00:00:00","c#","5767"
"2010-04-01 00:00:00","c++","2486"
"2010-04-01 00:00:00","delphi","268"
"2010-04-01 00:00:00","go","10"
"2010-04-01 00:00:00","java","3867"
"2010-04-01 00:00:00","javascript","3009"
"2010-04-01 00:00:00","perl","363"
"2010-04-01 00:00:00","php","3624"
"2010-04-01 00:00:00","python","1805"
"2010-04-01 00:00:00","r","160"
"2010-04-01 00:00:00","ruby","751"
"2010-04-01 00:00:00","swift","2"
"2010-05-01 00:00:00","assembly","107"
"2010-05-01 00:00:00","c","1176"
"2010-05-01 00:00:00","c#","5919"
"2010-05-01 00:00:00","c++","2413"
"2010-05-01 00:00:00","delphi","279"
"2010-05-01 00:00:00","go","17"
"2010-05-01 00:00:00","java","4160"
"2010-05-01 00:00:00","javascript","3229"
"2010-05-01 00:00:00","perl","286"
"2010-05-01 00:00:00","php","3947"
"2010-05-01 00:00:00","python","2008"
"2010-05-01 00:00:00","r","139"
"2010-05-01 00:00:00","ruby","775"
"2010-05-01 00:00:00","swift","1"
"2010-06-01 00:00:00","assembly","90"
"2010-06-01 00:00:00","c","1149"
"2010-06-01 00:00:00","c#","6131"
"2010-06-01 00:00:00","c++","2817"
"2010-06-01 00:00:00","delphi","329"
"2010-06-01 00:00:00","go","15"
"2010-06-01 00:00:00","java","4270"
"2010-06-01 00:00:00","javascript","3472"
"2010-06-01 00:00:00","perl","409"
"2010-06-01 00:00:00","php","4055"
"2010-06-01 00:00:00","python","2201"
"2010-06-01 00:00:00","r","176"
"2010-06-01 00:00:00","ruby","850"
"2010-06-01 00:00:00","swift","4"
"2010-07-01 00:00:00","assembly","97"
"2010-07-01 00:00:00","c","1282"
"2010-07-01 00:00:00","c#","6671"
"2010-07-01 00:00:00","c++","2671"
"2010-07-01 00:00:00","delphi","333"
"2010-07-01 00:00:00","go","8"
"2010-07-01 00:00:00","java","4498"
"2010-07-01 00:00:00","javascript","3876"
"2010-07-01 00:00:00","perl","435"
"2010-07-01 00:00:00","php","4561"
"2010-07-01 00:00:00","python","2576"
"2010-07-01 00:00:00","r","233"
"2010-07-01 00:00:00","ruby","908"
"2010-07-01 00:00:00","swift","1"
"2010-08-01 00:00:00","assembly","86"
"2010-08-01 00:00:00","c","1364"
"2010-08-01 00:00:00","c#","6950"
"2010-08-01 00:00:00","c++","2624"
"2010-08-01 00:00:00","delphi","353"
"2010-08-01 00:00:00","go","13"
"2010-08-01 00:00:00","java","4693"
"2010-08-01 00:00:00","javascript","3991"
"2010-08-01 00:00:00","perl","544"
"2010-08-01 00:00:00","php","5087"
"2010-08-01 00:00:00","python","2488"
"2010-08-01 00:00:00","r","283"
"2010-08-01 00:00:00","ruby","990"
"2010-08-01 00:00:00","swift","2"
"2010-09-01 00:00:00","assembly","117"
"2010-09-01 00:00:00","c","1369"
"2010-09-01 00:00:00","c#","6400"
"2010-09-01 00:00:00","c++","2723"
"2010-09-01 00:00:00","delphi","317"
"2010-09-01 00:00:00","go","9"
"2010-09-01 00:00:00","java","4697"
"2010-09-01 00:00:00","javascript","3988"
"2010-09-01 00:00:00","perl","459"
"2010-09-01 00:00:00","php","4654"
"2010-09-01 00:00:00","python","2244"
"2010-09-01 00:00:00","r","235"
"2010-09-01 00:00:00","ruby","934"
"2010-09-01 00:00:00","swift","2"
"2010-10-01 00:00:00","assembly","123"
"2010-10-01 00:00:00","c","1438"
"2010-10-01 00:00:00","c#","6719"
"2010-10-01 00:00:00","c++","2925"
"2010-10-01 00:00:00","delphi","361"
"2010-10-01 00:00:00","go","13"
"2010-10-01 00:00:00","java","5007"
"2010-10-01 00:00:00","javascript","4097"
"2010-10-01 00:00:00","perl","495"
"2010-10-01 00:00:00","php","4473"
"2010-10-01 00:00:00","python","2666"
"2010-10-01 00:00:00","r","214"
"2010-10-01 00:00:00","ruby","924"
"2010-10-01 00:00:00","swift","1"
"2010-11-01 00:00:00","assembly","164"
"2010-11-01 00:00:00","c","1673"
"2010-11-01 00:00:00","c#","7299"
"2010-11-01 00:00:00","c++","3364"
"2010-11-01 00:00:00","delphi","389"
"2010-11-01 00:00:00","go","16"
"2010-11-01 00:00:00","java","5578"
"2010-11-01 00:00:00","javascript","4533"
"2010-11-01 00:00:00","perl","464"
"2010-11-01 00:00:00","php","5070"
"2010-11-01 00:00:00","python","2598"
"2010-11-01 00:00:00","r","241"
"2010-11-01 00:00:00","ruby","924"
"2010-11-01 00:00:00","swift","1"
"2010-12-01 00:00:00","assembly","125"
"2010-12-01 00:00:00","c","1464"
"2010-12-01 00:00:00","c#","7087"
"2010-12-01 00:00:00","c++","3126"
"2010-12-01 00:00:00","delphi","321"
"2010-12-01 00:00:00","go","18"
"2010-12-01 00:00:00","java","5656"
"2010-12-01 00:00:00","javascript","4942"
"2010-12-01 00:00:00","perl","501"
"2010-12-01 00:00:00","php","5322"
"2010-12-01 00:00:00","python","2469"
"2010-12-01 00:00:00","r","222"
"2010-12-01 00:00:00","ruby","1019"
"2010-12-01 00:00:00","swift","2"
"2011-01-01 00:00:00","assembly","133"
"2011-01-01 00:00:00","c","1458"
"2011-01-01 00:00:00","c#","7968"
"2011-01-01 00:00:00","c++","3480"
"2011-01-01 00:00:00","delphi","368"
"2011-01-01 00:00:00","go","15"
"2011-01-01 00:00:00","java","6520"
"2011-01-01 00:00:00","javascript","5407"
"2011-01-01 00:00:00","perl","473"
"2011-01-01 00:00:00","php","6356"
"2011-01-01 00:00:00","python","2894"
"2011-01-01 00:00:00","r","249"
"2011-01-01 00:00:00","ruby","1201"
"2011-01-01 00:00:00","swift","4"
"2011-02-01 00:00:00","assembly","147"
"2011-02-01 00:00:00","c","1630"
"2011-02-01 00:00:00","c#","8195"
"2011-02-01 00:00:00","c++","3432"
"2011-02-01 00:00:00","delphi","358"
"2011-02-01 00:00:00","go","16"
"2011-02-01 00:00:00","java","6845"
"2011-02-01 00:00:00","javascript","5586"
"2011-02-01 00:00:00","perl","481"
"2011-02-01 00:00:00","php","6650"
"2011-02-01 00:00:00","python","3002"
"2011-02-01 00:00:00","r","322"
"2011-02-01 00:00:00","ruby","1247"
"2011-02-01 00:00:00","swift","5"
"2011-03-01 00:00:00","assembly","193"
"2011-03-01 00:00:00","c","2107"
"2011-03-01 00:00:00","c#","9961"
"2011-03-01 00:00:00","c++","4163"
"2011-03-01 00:00:00","delphi","515"
"2011-03-01 00:00:00","go","3"
"2011-03-01 00:00:00","java","8442"
"2011-03-01 00:00:00","javascript","6739"
"2011-03-01 00:00:00","perl","604"
"2011-03-01 00:00:00","php","8027"
"2011-03-01 00:00:00","python","3739"
"2011-03-01 00:00:00","r","422"
"2011-03-01 00:00:00","ruby","1635"
"2011-03-01 00:00:00","swift","3"
"2011-04-01 00:00:00","assembly","160"
"2011-04-01 00:00:00","c","2031"
"2011-04-01 00:00:00","c#","9245"
"2011-04-01 00:00:00","c++","4155"
"2011-04-01 00:00:00","delphi","400"
"2011-04-01 00:00:00","go","7"
"2011-04-01 00:00:00","java","7877"
"2011-04-01 00:00:00","javascript","6864"
"2011-04-01 00:00:00","perl","549"
"2011-04-01 00:00:00","php","7549"
"2011-04-01 00:00:00","python","3319"
"2011-04-01 00:00:00","r","474"
"2011-04-01 00:00:00","ruby","1474"
"2011-04-01 00:00:00","swift","3"
"2011-05-01 00:00:00","assembly","158"
"2011-05-01 00:00:00","c","1824"
"2011-05-01 00:00:00","c#","9958"
"2011-05-01 00:00:00","c++","3860"
"2011-05-01 00:00:00","delphi","472"
"2011-05-01 00:00:00","go","36"
"2011-05-01 00:00:00","java","8513"
"2011-05-01 00:00:00","javascript","7285"
"2011-05-01 00:00:00","perl","580"
"2011-05-01 00:00:00","php","8025"
"2011-05-01 00:00:00","python","3508"
"2011-05-01 00:00:00","r","425"
"2011-05-01 00:00:00","ruby","1562"
"2011-05-01 00:00:00","swift","1"
"2011-06-01 00:00:00","assembly","139"
"2011-06-01 00:00:00","c","1758"
"2011-06-01 00:00:00","c#","9706"
"2011-06-01 00:00:00","c++","3791"
"2011-06-01 00:00:00","delphi","450"
"2011-06-01 00:00:00","go","34"
"2011-06-01 00:00:00","java","7856"
"2011-06-01 00:00:00","javascript","7650"
"2011-06-01 00:00:00","perl","566"
"2011-06-01 00:00:00","php","7975"
"2011-06-01 00:00:00","python","3454"
"2011-06-01 00:00:00","r","442"
"2011-06-01 00:00:00","ruby","1553"
"2011-06-01 00:00:00","swift","4"
"2011-07-01 00:00:00","assembly","140"
"2011-07-01 00:00:00","c","1654"
"2011-07-01 00:00:00","c#","9549"
"2011-07-01 00:00:00","c++","3836"
"2011-07-01 00:00:00","delphi","428"
"2011-07-01 00:00:00","go","26"
"2011-07-01 00:00:00","java","8116"
"2011-07-01 00:00:00","javascript","8070"
"2011-07-01 00:00:00","perl","657"
"2011-07-01 00:00:00","php","8576"
"2011-07-01 00:00:00","python","3644"
"2011-07-01 00:00:00","r","453"
"2011-07-01 00:00:00","ruby","1576"
"2011-07-01 00:00:00","swift","12"
"2011-08-01 00:00:00","assembly","159"
"2011-08-01 00:00:00","c","1826"
"2011-08-01 00:00:00","c#","9995"
"2011-08-01 00:00:00","c++","3941"
"2011-08-01 00:00:00","delphi","420"
"2011-08-01 00:00:00","go","40"
"2011-08-01 00:00:00","java","8618"
"2011-08-01 00:00:00","javascript","8857"
"2011-08-01 00:00:00","perl","609"
"2011-08-01 00:00:00","php","8819"
"2011-08-01 00:00:00","python","3810"
"2011-08-01 00:00:00","r","586"
"2011-08-01 00:00:00","ruby","1846"
"2011-08-01 00:00:00","swift","8"
"2011-09-01 00:00:00","assembly","154"
"2011-09-01 00:00:00","c","1913"
"2011-09-01 00:00:00","c#","9228"
"2011-09-01 00:00:00","c++","3924"
"2011-09-01 00:00:00","delphi","413"
"2011-09-01 00:00:00","go","26"
"2011-09-01 00:00:00","java","8274"
"2011-09-01 00:00:00","javascript","8124"
"2011-09-01 00:00:00","perl","500"
"2011-09-01 00:00:00","php","7959"
"2011-09-01 00:00:00","python","3501"
"2011-09-01 00:00:00","r","611"
"2011-09-01 00:00:00","ruby","1541"
"2011-09-01 00:00:00","swift","6"
"2011-10-01 00:00:00","assembly","212"
"2011-10-01 00:00:00","c","2136"
"2011-10-01 00:00:00","c#","9143"
"2011-10-01 00:00:00","c++","4326"
"2011-10-01 00:00:00","delphi","463"
"2011-10-01 00:00:00","go","39"
"2011-10-01 00:00:00","java","8487"
"2011-10-01 00:00:00","javascript","7967"
"2011-10-01 00:00:00","perl","554"
"2011-10-01 00:00:00","php","7950"
"2011-10-01 00:00:00","python","3596"
"2011-10-01 00:00:00","r","618"
"2011-10-01 00:00:00","ruby","1598"
"2011-10-01 00:00:00","swift","6"
"2011-11-01 00:00:00","assembly","211"
"2011-11-01 00:00:00","c","2193"
"2011-11-01 00:00:00","c#","9830"
"2011-11-01 00:00:00","c++","4443"
"2011-11-01 00:00:00","delphi","504"
"2011-11-01 00:00:00","go","65"
"2011-11-01 00:00:00","java","9558"
"2011-11-01 00:00:00","javascript","8583"
"2011-11-01 00:00:00","perl","601"
"2011-11-01 00:00:00","php","8569"
"2011-11-01 00:00:00","python","3850"
"2011-11-01 00:00:00","r","605"
"2011-11-01 00:00:00","ruby","1729"
"2011-11-01 00:00:00","swift","4"
"2011-12-01 00:00:00","assembly","227"
"2011-12-01 00:00:00","c","1995"
"2011-12-01 00:00:00","c#","9236"
"2011-12-01 00:00:00","c++","4322"
"2011-12-01 00:00:00","delphi","570"
"2011-12-01 00:00:00","go","52"
"2011-12-01 00:00:00","java","9104"
"2011-12-01 00:00:00","javascript","8253"
"2011-12-01 00:00:00","perl","536"
"2011-12-01 00:00:00","php","8249"
"2011-12-01 00:00:00","python","3598"
"2011-12-01 00:00:00","r","612"
"2011-12-01 00:00:00","ruby","1664"
"2011-12-01 00:00:00","swift","2"
"2012-01-01 00:00:00","assembly","169"
"2012-01-01 00:00:00","c","2211"
"2012-01-01 00:00:00","c#","10298"
"2012-01-01 00:00:00","c++","4508"
"2012-01-01 00:00:00","delphi","507"
"2012-01-01 00:00:00","go","37"
"2012-01-01 00:00:00","java","10043"
"2012-01-01 00:00:00","javascript","9514"
"2012-01-01 00:00:00","perl","560"
"2012-01-01 00:00:00","php","9139"
"2012-01-01 00:00:00","python","4168"
"2012-01-01 00:00:00","r","689"
"2012-01-01 00:00:00","ruby","1880"
"2012-01-01 00:00:00","swift","6"
"2012-02-01 00:00:00","assembly","229"
"2012-02-01 00:00:00","c","2389"
"2012-02-01 00:00:00","c#","10650"
"2012-02-01 00:00:00","c++","5067"
"2012-02-01 00:00:00","delphi","471"
"2012-02-01 00:00:00","go","31"
"2012-02-01 00:00:00","java","10844"
"2012-02-01 00:00:00","javascript","9873"
"2012-02-01 00:00:00","perl","610"
"2012-02-01 00:00:00","php","9769"
"2012-02-01 00:00:00","python","4469"
"2012-02-01 00:00:00","r","811"
"2012-02-01 00:00:00","ruby","2029"
"2012-02-01 00:00:00","swift","9"
"2012-03-01 00:00:00","assembly","260"
"2012-03-01 00:00:00","c","2700"
"2012-03-01 00:00:00","c#","11451"
"2012-03-01 00:00:00","c++","5181"
"2012-03-01 00:00:00","delphi","492"
"2012-03-01 00:00:00","go","47"
"2012-03-01 00:00:00","java","12241"
"2012-03-01 00:00:00","javascript","10594"
"2012-03-01 00:00:00","perl","608"
"2012-03-01 00:00:00","php","10710"
"2012-03-01 00:00:00","python","4992"
"2012-03-01 00:00:00","r","887"
"2012-03-01 00:00:00","ruby","2172"
"2012-03-01 00:00:00","swift","4"
"2012-04-01 00:00:00","assembly","276"
"2012-04-01 00:00:00","c","2656"
"2012-04-01 00:00:00","c#","10962"
"2012-04-01 00:00:00","c++","5256"
"2012-04-01 00:00:00","delphi","480"
"2012-04-01 00:00:00","go","69"
"2012-04-01 00:00:00","java","11885"
"2012-04-01 00:00:00","javascript","10548"
"2012-04-01 00:00:00","perl","596"
"2012-04-01 00:00:00","php","10210"
"2012-04-01 00:00:00","python","4877"
"2012-04-01 00:00:00","r","836"
"2012-04-01 00:00:00","ruby","1946"
"2012-04-01 00:00:00","swift","5"
"2012-05-01 00:00:00","assembly","225"
"2012-05-01 00:00:00","c","2456"
"2012-05-01 00:00:00","c#","11392"
"2012-05-01 00:00:00","c++","4934"
"2012-05-01 00:00:00","delphi","473"
"2012-05-01 00:00:00","go","69"
"2012-05-01 00:00:00","java","12025"
"2012-05-01 00:00:00","javascript","11375"
"2012-05-01 00:00:00","perl","639"
"2012-05-01 00:00:00","php","10766"
"2012-05-01 00:00:00","python","5042"
"2012-05-01 00:00:00","r","868"
"2012-05-01 00:00:00","ruby","1950"
"2012-05-01 00:00:00","swift","7"
"2012-06-01 00:00:00","assembly","200"
"2012-06-01 00:00:00","c","2292"
"2012-06-01 00:00:00","c#","11210"
"2012-06-01 00:00:00","c++","4604"
"2012-06-01 00:00:00","delphi","415"
"2012-06-01 00:00:00","go","71"
"2012-06-01 00:00:00","java","10981"
"2012-06-01 00:00:00","javascript","11124"
"2012-06-01 00:00:00","perl","735"
"2012-06-01 00:00:00","php","10390"
"2012-06-01 00:00:00","python","5224"
"2012-06-01 00:00:00","r","964"
"2012-06-01 00:00:00","ruby","1877"
"2012-06-01 00:00:00","swift","4"
"2012-07-01 00:00:00","assembly","199"
"2012-07-01 00:00:00","c","2354"
"2012-07-01 00:00:00","c#","12208"
"2012-07-01 00:00:00","c++","5235"
"2012-07-01 00:00:00","delphi","435"
"2012-07-01 00:00:00","go","76"
"2012-07-01 00:00:00","java","12147"
"2012-07-01 00:00:00","javascript","12225"
"2012-07-01 00:00:00","perl","663"
"2012-07-01 00:00:00","php","11568"
"2012-07-01 00:00:00","python","5698"
"2012-07-01 00:00:00","r","1110"
"2012-07-01 00:00:00","ruby","2053"
"2012-07-01 00:00:00","swift","9"
"2012-08-01 00:00:00","assembly","189"
"2012-08-01 00:00:00","c","2309"
"2012-08-01 00:00:00","c#","11883"
"2012-08-01 00:00:00","c++","5129"
"2012-08-01 00:00:00","delphi","402"
"2012-08-01 00:00:00","go","72"
"2012-08-01 00:00:00","java","12181"
"2012-08-01 00:00:00","javascript","12358"
"2012-08-01 00:00:00","perl","759"
"2012-08-01 00:00:00","php","11763"
"2012-08-01 00:00:00","python","5841"
"2012-08-01 00:00:00","r","1084"
"2012-08-01 00:00:00","ruby","2051"
"2012-08-01 00:00:00","swift","5"
"2012-09-01 00:00:00","assembly","220"
"2012-09-01 00:00:00","c","2515"
"2012-09-01 00:00:00","c#","11207"
"2012-09-01 00:00:00","c++","4872"
"2012-09-01 00:00:00","delphi","382"
"2012-09-01 00:00:00","go","129"
"2012-09-01 00:00:00","java","11535"
"2012-09-01 00:00:00","javascript","11110"
"2012-09-01 00:00:00","perl","661"
"2012-09-01 00:00:00","php","10876"
"2012-09-01 00:00:00","python","5226"
"2012-09-01 00:00:00","r","1056"
"2012-09-01 00:00:00","ruby","1949"
"2012-09-01 00:00:00","swift","7"
"2012-10-01 00:00:00","assembly","313"
"2012-10-01 00:00:00","c","3144"
"2012-10-01 00:00:00","c#","12641"
"2012-10-01 00:00:00","c++","5880"
"2012-10-01 00:00:00","delphi","475"
"2012-10-01 00:00:00","go","101"
"2012-10-01 00:00:00","java","13396"
"2012-10-01 00:00:00","javascript","12334"
"2012-10-01 00:00:00","perl","682"
"2012-10-01 00:00:00","php","11646"
"2012-10-01 00:00:00","python","6108"
"2012-10-01 00:00:00","r","1263"
"2012-10-01 00:00:00","ruby","2246"
"2012-10-01 00:00:00","swift","4"
"2012-11-01 00:00:00","assembly","302"
"2012-11-01 00:00:00","c","3177"
"2012-11-01 00:00:00","c#","12172"
"2012-11-01 00:00:00","c++","6240"
"2012-11-01 00:00:00","delphi","440"
"2012-11-01 00:00:00","go","102"
"2012-11-01 00:00:00","java","13505"
"2012-11-01 00:00:00","javascript","12268"
"2012-11-01 00:00:00","perl","636"
"2012-11-01 00:00:00","php","11677"
"2012-11-01 00:00:00","python","6367"
"2012-11-01 00:00:00","r","1341"
"2012-11-01 00:00:00","ruby","2122"
"2012-11-01 00:00:00","swift","4"
"2012-12-01 00:00:00","assembly","260"
"2012-12-01 00:00:00","c","2553"
"2012-12-01 00:00:00","c#","10884"
"2012-12-01 00:00:00","c++","5656"
"2012-12-01 00:00:00","delphi","426"
"2012-12-01 00:00:00","go","112"
"2012-12-01 00:00:00","java","12330"
"2012-12-01 00:00:00","javascript","11671"
"2012-12-01 00:00:00","perl","550"
"2012-12-01 00:00:00","php","10954"
"2012-12-01 00:00:00","python","5720"
"2012-12-01 00:00:00","r","1207"
"2012-12-01 00:00:00","ruby","1901"
"2012-12-01 00:00:00","swift","4"
"2013-01-01 00:00:00","assembly","290"
"2013-01-01 00:00:00","c","2891"
"2013-01-01 00:00:00","c#","12692"
"2013-01-01 00:00:00","c++","6004"
"2013-01-01 00:00:00","delphi","480"
"2013-01-01 00:00:00","go","100"
"2013-01-01 00:00:00","java","13619"
"2013-01-01 00:00:00","javascript","13713"
"2013-01-01 00:00:00","perl","659"
"2013-01-01 00:00:00","php","12776"
"2013-01-01 00:00:00","python","6521"
"2013-01-01 00:00:00","r","1503"
"2013-01-01 00:00:00","ruby","2293"
"2013-01-01 00:00:00","swift","5"
"2013-02-01 00:00:00","assembly","324"
"2013-02-01 00:00:00","c","3082"
"2013-02-01 00:00:00","c#","12427"
"2013-02-01 00:00:00","c++","6033"
"2013-02-01 00:00:00","delphi","443"
"2013-02-01 00:00:00","go","117"
"2013-02-01 00:00:00","java","13597"
"2013-02-01 00:00:00","javascript","13556"
"2013-02-01 00:00:00","perl","745"
"2013-02-01 00:00:00","php","12438"
"2013-02-01 00:00:00","python","6693"
"2013-02-01 00:00:00","r","1654"
"2013-02-01 00:00:00","ruby","2208"
"2013-02-01 00:00:00","swift","6"
"2013-03-01 00:00:00","assembly","366"
"2013-03-01 00:00:00","c","3410"
"2013-03-01 00:00:00","c#","14174"
"2013-03-01 00:00:00","c++","7142"
"2013-03-01 00:00:00","delphi","520"
"2013-03-01 00:00:00","go","126"
"2013-03-01 00:00:00","java","15806"
"2013-03-01 00:00:00","javascript","15202"
"2013-03-01 00:00:00","perl","849"
"2013-03-01 00:00:00","php","13993"
"2013-03-01 00:00:00","python","7572"
"2013-03-01 00:00:00","r","1837"
"2013-03-01 00:00:00","ruby","2548"
"2013-03-01 00:00:00","swift","5"
"2013-04-01 00:00:00","assembly","328"
"2013-04-01 00:00:00","c","3510"
"2013-04-01 00:00:00","c#","13795"
"2013-04-01 00:00:00","c++","7072"
"2013-04-01 00:00:00","delphi","504"
"2013-04-01 00:00:00","go","125"
"2013-04-01 00:00:00","java","16088"
"2013-04-01 00:00:00","javascript","15216"
"2013-04-01 00:00:00","perl","837"
"2013-04-01 00:00:00","php","13285"
"2013-04-01 00:00:00","python","7876"
"2013-04-01 00:00:00","r","1827"
"2013-04-01 00:00:00","ruby","2455"
"2013-04-01 00:00:00","swift","6"
"2013-05-01 00:00:00","assembly","299"
"2013-05-01 00:00:00","c","3174"
"2013-05-01 00:00:00","c#","13349"
"2013-05-01 00:00:00","c++","6780"
"2013-05-01 00:00:00","delphi","524"
"2013-05-01 00:00:00","go","141"
"2013-05-01 00:00:00","java","15111"
"2013-05-01 00:00:00","javascript","14943"
"2013-05-01 00:00:00","perl","900"
"2013-05-01 00:00:00","php","12958"
"2013-05-01 00:00:00","python","7760"
"2013-05-01 00:00:00","r","1769"
"2013-05-01 00:00:00","ruby","2331"
"2013-05-01 00:00:00","swift","2"
"2013-06-01 00:00:00","assembly","291"
"2013-06-01 00:00:00","c","2919"
"2013-06-01 00:00:00","c#","12666"
"2013-06-01 00:00:00","c++","6160"
"2013-06-01 00:00:00","delphi","472"
"2013-06-01 00:00:00","go","175"
"2013-06-01 00:00:00","java","13792"
"2013-06-01 00:00:00","javascript","14475"
"2013-06-01 00:00:00","perl","825"
"2013-06-01 00:00:00","php","12594"
"2013-06-01 00:00:00","python","7546"
"2013-06-01 00:00:00","r","1757"
"2013-06-01 00:00:00","ruby","2210"
"2013-06-01 00:00:00","swift","4"
"2013-07-01 00:00:00","assembly","294"
"2013-07-01 00:00:00","c","2981"
"2013-07-01 00:00:00","c#","14037"
"2013-07-01 00:00:00","c++","6536"
"2013-07-01 00:00:00","delphi","502"
"2013-07-01 00:00:00","go","200"
"2013-07-01 00:00:00","java","15010"
"2013-07-01 00:00:00","javascript","16679"
"2013-07-01 00:00:00","perl","949"
"2013-07-01 00:00:00","php","14164"
"2013-07-01 00:00:00","python","8555"
"2013-07-01 00:00:00","r","1952"
"2013-07-01 00:00:00","ruby","2427"
"2013-07-01 00:00:00","swift","7"
"2013-08-01 00:00:00","assembly","210"
"2013-08-01 00:00:00","c","2990"
"2013-08-01 00:00:00","c#","13733"
"2013-08-01 00:00:00","c++","6205"
"2013-08-01 00:00:00","delphi","446"
"2013-08-01 00:00:00","go","206"
"2013-08-01 00:00:00","java","14897"
"2013-08-01 00:00:00","javascript","16700"
"2013-08-01 00:00:00","perl","830"
"2013-08-01 00:00:00","php","14169"
"2013-08-01 00:00:00","python","7891"
"2013-08-01 00:00:00","r","1907"
"2013-08-01 00:00:00","ruby","2470"
"2013-08-01 00:00:00","swift","4"
"2013-09-01 00:00:00","assembly","287"
"2013-09-01 00:00:00","c","3361"
"2013-09-01 00:00:00","c#","13623"
"2013-09-01 00:00:00","c++","6477"
"2013-09-01 00:00:00","delphi","484"
"2013-09-01 00:00:00","go","237"
"2013-09-01 00:00:00","java","16084"
"2013-09-01 00:00:00","javascript","17535"
"2013-09-01 00:00:00","perl","683"
"2013-09-01 00:00:00","php","14081"
"2013-09-01 00:00:00","python","7899"
"2013-09-01 00:00:00","r","1699"
"2013-09-01 00:00:00","ruby","2376"
"2013-09-01 00:00:00","swift","9"
"2013-10-01 00:00:00","assembly","374"
"2013-10-01 00:00:00","c","4209"
"2013-10-01 00:00:00","c#","15061"
"2013-10-01 00:00:00","c++","7898"
"2013-10-01 00:00:00","delphi","517"
"2013-10-01 00:00:00","go","210"
"2013-10-01 00:00:00","java","18523"
"2013-10-01 00:00:00","javascript","19550"
"2013-10-01 00:00:00","perl","809"
"2013-10-01 00:00:00","php","15132"
"2013-10-01 00:00:00","python","9416"
"2013-10-01 00:00:00","r","2072"
"2013-10-01 00:00:00","ruby","2780"
"2013-10-01 00:00:00","swift","10"
"2013-11-01 00:00:00","assembly","415"
"2013-11-01 00:00:00","c","4246"
"2013-11-01 00:00:00","c#","14457"
"2013-11-01 00:00:00","c++","8049"
"2013-11-01 00:00:00","delphi","454"
"2013-11-01 00:00:00","go","209"
"2013-11-01 00:00:00","java","18528"
"2013-11-01 00:00:00","javascript","18316"
"2013-11-01 00:00:00","perl","815"
"2013-11-01 00:00:00","php","14649"
"2013-11-01 00:00:00","python","9423"
"2013-11-01 00:00:00","r","2169"
"2013-11-01 00:00:00","ruby","2566"
"2013-11-01 00:00:00","swift","5"
"2013-12-01 00:00:00","assembly","353"
"2013-12-01 00:00:00","c","3480"
"2013-12-01 00:00:00","c#","13503"
"2013-12-01 00:00:00","c++","6949"
"2013-12-01 00:00:00","delphi","444"
"2013-12-01 00:00:00","go","240"
"2013-12-01 00:00:00","java","17270"
"2013-12-01 00:00:00","javascript","17869"
"2013-12-01 00:00:00","perl","759"
"2013-12-01 00:00:00","php","14218"
"2013-12-01 00:00:00","python","8366"
"2013-12-01 00:00:00","r","1900"
"2013-12-01 00:00:00","ruby","2426"
"2013-12-01 00:00:00","swift","10"
"2014-01-01 00:00:00","assembly","335"
"2014-01-01 00:00:00","c","3700"
"2014-01-01 00:00:00","c#","15197"
"2014-01-01 00:00:00","c++","7611"
"2014-01-01 00:00:00","delphi","480"
"2014-01-01 00:00:00","go","300"
"2014-01-01 00:00:00","java","18496"
"2014-01-01 00:00:00","javascript","20923"
"2014-01-01 00:00:00","perl","805"
"2014-01-01 00:00:00","php","16562"
"2014-01-01 00:00:00","python","9767"
"2014-01-01 00:00:00","r","2330"
"2014-01-01 00:00:00","ruby","2744"
"2014-01-01 00:00:00","swift","6"
"2014-02-01 00:00:00","assembly","372"
"2014-02-01 00:00:00","c","3945"
"2014-02-01 00:00:00","c#","14992"
"2014-02-01 00:00:00","c++","7587"
"2014-02-01 00:00:00","delphi","490"
"2014-02-01 00:00:00","go","203"
"2014-02-01 00:00:00","java","19031"
"2014-02-01 00:00:00","javascript","20958"
"2014-02-01 00:00:00","perl","787"
"2014-02-01 00:00:00","php","16293"
"2014-02-01 00:00:00","python","9814"
"2014-02-01 00:00:00","r","2604"
"2014-02-01 00:00:00","ruby","2586"
"2014-02-01 00:00:00","swift","12"
"2014-03-01 00:00:00","assembly","446"
"2014-03-01 00:00:00","c","4522"
"2014-03-01 00:00:00","c#","16018"
"2014-03-01 00:00:00","c++","8589"
"2014-03-01 00:00:00","delphi","439"
"2014-03-01 00:00:00","go","254"
"2014-03-01 00:00:00","java","21704"
"2014-03-01 00:00:00","javascript","22459"
"2014-03-01 00:00:00","perl","903"
"2014-03-01 00:00:00","php","18083"
"2014-03-01 00:00:00","python","11330"
"2014-03-01 00:00:00","r","2782"
"2014-03-01 00:00:00","ruby","2934"
"2014-03-01 00:00:00","swift","5"
"2014-04-01 00:00:00","assembly","358"
"2014-04-01 00:00:00","c","3964"
"2014-04-01 00:00:00","c#","15150"
"2014-04-01 00:00:00","c++","8052"
"2014-04-01 00:00:00","delphi","384"
"2014-04-01 00:00:00","go","340"
"2014-04-01 00:00:00","java","20600"
"2014-04-01 00:00:00","javascript","21228"
"2014-04-01 00:00:00","perl","819"
"2014-04-01 00:00:00","php","17406"
"2014-04-01 00:00:00","python","10654"
"2014-04-01 00:00:00","r","2710"
"2014-04-01 00:00:00","ruby","2736"
"2014-04-01 00:00:00","swift","4"
"2014-05-01 00:00:00","assembly","325"
"2014-05-01 00:00:00","c","3225"
"2014-05-01 00:00:00","c#","13759"
"2014-05-01 00:00:00","c++","6705"
"2014-05-01 00:00:00","delphi","468"
"2014-05-01 00:00:00","go","278"
"2014-05-01 00:00:00","java","17739"
"2014-05-01 00:00:00","javascript","19577"
"2014-05-01 00:00:00","perl","793"
"2014-05-01 00:00:00","php","14552"
"2014-05-01 00:00:00","python","9136"
"2014-05-01 00:00:00","r","2569"
"2014-05-01 00:00:00","ruby","2665"
"2014-05-01 00:00:00","swift","9"
"2014-06-01 00:00:00","assembly","262"
"2014-06-01 00:00:00","c","2745"
"2014-06-01 00:00:00","c#","12353"
"2014-06-01 00:00:00","c++","5599"
"2014-06-01 00:00:00","delphi","413"
"2014-06-01 00:00:00","go","288"
"2014-06-01 00:00:00","java","15730"
"2014-06-01 00:00:00","javascript","18114"
"2014-06-01 00:00:00","perl","674"
"2014-06-01 00:00:00","php","12819"
"2014-06-01 00:00:00","python","8812"
"2014-06-01 00:00:00","r","2379"
"2014-06-01 00:00:00","ruby","2322"
"2014-06-01 00:00:00","swift","2380"
"2014-07-01 00:00:00","assembly","212"
"2014-07-01 00:00:00","c","2807"
"2014-07-01 00:00:00","c#","13524"
"2014-07-01 00:00:00","c++","6206"
"2014-07-01 00:00:00","delphi","441"
"2014-07-01 00:00:00","go","450"
"2014-07-01 00:00:00","java","17185"
"2014-07-01 00:00:00","javascript","19938"
"2014-07-01 00:00:00","perl","732"
"2014-07-01 00:00:00","php","14105"
"2014-07-01 00:00:00","python","9833"
"2014-07-01 00:00:00","r","2614"
"2014-07-01 00:00:00","ruby","2547"
"2014-07-01 00:00:00","swift","1629"
"2014-08-01 00:00:00","assembly","183"
"2014-08-01 00:00:00","c","2661"
"2014-08-01 00:00:00","c#","12370"
"2014-08-01 00:00:00","c++","5826"
"2014-08-01 00:00:00","delphi","419"
"2014-08-01 00:00:00","go","405"
"2014-08-01 00:00:00","java","15567"
"2014-08-01 00:00:00","javascript","18282"
"2014-08-01 00:00:00","perl","683"
"2014-08-01 00:00:00","php","13051"
"2014-08-01 00:00:00","python","9049"
"2014-08-01 00:00:00","r","2447"
"2014-08-01 00:00:00","ruby","2453"
"2014-08-01 00:00:00","swift","1683"
"2014-09-01 00:00:00","assembly","272"
"2014-09-01 00:00:00","c","3207"
"2014-09-01 00:00:00","c#","12215"
"2014-09-01 00:00:00","c++","6129"
"2014-09-01 00:00:00","delphi","441"
"2014-09-01 00:00:00","go","389"
"2014-09-01 00:00:00","java","16493"
"2014-09-01 00:00:00","javascript","17958"
"2014-09-01 00:00:00","perl","678"
"2014-09-01 00:00:00","php","13198"
"2014-09-01 00:00:00","python","8697"
"2014-09-01 00:00:00","r","2350"
"2014-09-01 00:00:00","ruby","2259"
"2014-09-01 00:00:00","swift","1888"
"2014-10-01 00:00:00","assembly","383"
"2014-10-01 00:00:00","c","3772"
"2014-10-01 00:00:00","c#","12436"
"2014-10-01 00:00:00","c++","6759"
"2014-10-01 00:00:00","delphi","406"
"2014-10-01 00:00:00","go","378"
"2014-10-01 00:00:00","java","17698"
"2014-10-01 00:00:00","javascript","18765"
"2014-10-01 00:00:00","perl","637"
"2014-10-01 00:00:00","php","13395"
"2014-10-01 00:00:00","python","9514"
"2014-10-01 00:00:00","r","2753"
"2014-10-01 00:00:00","ruby","2333"
"2014-10-01 00:00:00","swift","2450"
"2014-11-01 00:00:00","assembly","374"
"2014-11-01 00:00:00","c","3632"
"2014-11-01 00:00:00","c#","11753"
"2014-11-01 00:00:00","c++","6494"
"2014-11-01 00:00:00","delphi","422"
"2014-11-01 00:00:00","go","335"
"2014-11-01 00:00:00","java","17651"
"2014-11-01 00:00:00","javascript","17831"
"2014-11-01 00:00:00","perl","655"
"2014-11-01 00:00:00","php","12875"
"2014-11-01 00:00:00","python","9509"
"2014-11-01 00:00:00","r","2688"
"2014-11-01 00:00:00","ruby","2105"
"2014-11-01 00:00:00","swift","2541"
"2014-12-01 00:00:00","assembly","317"
"2014-12-01 00:00:00","c","3136"
"2014-12-01 00:00:00","c#","10983"
"2014-12-01 00:00:00","c++","6022"
"2014-12-01 00:00:00","delphi","312"
"2014-12-01 00:00:00","go","349"
"2014-12-01 00:00:00","java","16205"
"2014-12-01 00:00:00","javascript","16848"
"2014-12-01 00:00:00","perl","564"
"2014-12-01 00:00:00","php","12170"
"2014-12-01 00:00:00","python","8987"
"2014-12-01 00:00:00","r","2343"
"2014-12-01 00:00:00","ruby","2138"
"2014-12-01 00:00:00","swift","2470"
"2015-01-01 00:00:00","assembly","332"
"2015-01-01 00:00:00","c","3195"
"2015-01-01 00:00:00","c#","11660"
"2015-01-01 00:00:00","c++","6086"
"2015-01-01 00:00:00","delphi","375"
"2015-01-01 00:00:00","go","467"
"2015-01-01 00:00:00","java","16396"
"2015-01-01 00:00:00","javascript","18398"
"2015-01-01 00:00:00","perl","587"
"2015-01-01 00:00:00","php","13455"
"2015-01-01 00:00:00","python","9620"
"2015-01-01 00:00:00","r","2663"
"2015-01-01 00:00:00","ruby","2411"
"2015-01-01 00:00:00","swift","3034"
"2015-02-01 00:00:00","assembly","354"
"2015-02-01 00:00:00","c","3349"
"2015-02-01 00:00:00","c#","11721"
"2015-02-01 00:00:00","c++","6426"
"2015-02-01 00:00:00","delphi","409"
"2015-02-01 00:00:00","go","380"
"2015-02-01 00:00:00","java","16618"
"2015-02-01 00:00:00","javascript","18526"
"2015-02-01 00:00:00","perl","561"
"2015-02-01 00:00:00","php","13388"
"2015-02-01 00:00:00","python","10136"
"2015-02-01 00:00:00","r","2947"
"2015-02-01 00:00:00","ruby","2252"
"2015-02-01 00:00:00","swift","3221"
"2015-03-01 00:00:00","assembly","377"
"2015-03-01 00:00:00","c","3898"
"2015-03-01 00:00:00","c#","13176"
"2015-03-01 00:00:00","c++","7337"
"2015-03-01 00:00:00","delphi","403"
"2015-03-01 00:00:00","go","467"
"2015-03-01 00:00:00","java","19596"
"2015-03-01 00:00:00","javascript","20376"
"2015-03-01 00:00:00","perl","628"
"2015-03-01 00:00:00","php","14780"
"2015-03-01 00:00:00","python","11511"
"2015-03-01 00:00:00","r","3545"
"2015-03-01 00:00:00","ruby","2451"
"2015-03-01 00:00:00","swift","3576"
"2015-04-01 00:00:00","assembly","431"
"2015-04-01 00:00:00","c","3931"
"2015-04-01 00:00:00","c#","12987"
"2015-04-01 00:00:00","c++","7089"
"2015-04-01 00:00:00","delphi","383"
"2015-04-01 00:00:00","go","385"
"2015-04-01 00:00:00","java","19657"
"2015-04-01 00:00:00","javascript","20767"
"2015-04-01 00:00:00","perl","573"
"2015-04-01 00:00:00","php","14813"
"2015-04-01 00:00:00","python","11350"
"2015-04-01 00:00:00","r","3301"
"2015-04-01 00:00:00","ruby","2491"
"2015-04-01 00:00:00","swift","3996"
"2015-05-01 00:00:00","assembly","365"
"2015-05-01 00:00:00","c","3505"
"2015-05-01 00:00:00","c#","13265"
"2015-05-01 00:00:00","c++","6770"
"2015-05-01 00:00:00","delphi","399"
"2015-05-01 00:00:00","go","395"
"2015-05-01 00:00:00","java","18385"
"2015-05-01 00:00:00","javascript","22006"
"2015-05-01 00:00:00","perl","525"
"2015-05-01 00:00:00","php","14439"
"2015-05-01 00:00:00","python","11152"
"2015-05-01 00:00:00","r","3404"
"2015-05-01 00:00:00","ruby","2497"
"2015-05-01 00:00:00","swift","3776"
"2015-06-01 00:00:00","assembly","263"
"2015-06-01 00:00:00","c","3147"
"2015-06-01 00:00:00","c#","13451"
"2015-06-01 00:00:00","c++","6476"
"2015-06-01 00:00:00","delphi","384"
"2015-06-01 00:00:00","go","421"
"2015-06-01 00:00:00","java","17710"
"2015-06-01 00:00:00","javascript","22471"
"2015-06-01 00:00:00","perl","568"
"2015-06-01 00:00:00","php","14233"
"2015-06-01 00:00:00","python","11712"
"2015-06-01 00:00:00","r","3406"
"2015-06-01 00:00:00","ruby","2568"
"2015-06-01 00:00:00","swift","4307"
"2015-07-01 00:00:00","assembly","259"
"2015-07-01 00:00:00","c","2799"
"2015-07-01 00:00:00","c#","14033"
"2015-07-01 00:00:00","c++","6661"
"2015-07-01 00:00:00","delphi","384"
"2015-07-01 00:00:00","go","464"
"2015-07-01 00:00:00","java","18546"
"2015-07-01 00:00:00","javascript","23811"
"2015-07-01 00:00:00","perl","577"
"2015-07-01 00:00:00","php","15230"
"2015-07-01 00:00:00","python","12237"
"2015-07-01 00:00:00","r","3960"
"2015-07-01 00:00:00","ruby","2577"
"2015-07-01 00:00:00","swift","5127"
"2015-08-01 00:00:00","assembly","218"
"2015-08-01 00:00:00","c","2564"
"2015-08-01 00:00:00","c#","13154"
"2015-08-01 00:00:00","c++","5842"
"2015-08-01 00:00:00","delphi","383"
"2015-08-01 00:00:00","go","445"
"2015-08-01 00:00:00","java","16961"
"2015-08-01 00:00:00","javascript","22018"
"2015-08-01 00:00:00","perl","551"
"2015-08-01 00:00:00","php","14112"
"2015-08-01 00:00:00","python","11161"
"2015-08-01 00:00:00","r","3480"
"2015-08-01 00:00:00","ruby","2305"
"2015-08-01 00:00:00","swift","5067"
"2015-09-01 00:00:00","assembly","254"
"2015-09-01 00:00:00","c","3074"
"2015-09-01 00:00:00","c#","12859"
"2015-09-01 00:00:00","c++","5881"
"2015-09-01 00:00:00","delphi","355"
"2015-09-01 00:00:00","go","416"
"2015-09-01 00:00:00","java","16809"
"2015-09-01 00:00:00","javascript","21268"
"2015-09-01 00:00:00","perl","464"
"2015-09-01 00:00:00","php","13381"
"2015-09-01 00:00:00","python","10904"
"2015-09-01 00:00:00","r","3312"
"2015-09-01 00:00:00","ruby","2152"
"2015-09-01 00:00:00","swift","4527"
"2015-10-01 00:00:00","assembly","426"
"2015-10-01 00:00:00","c","3662"
"2015-10-01 00:00:00","c#","12713"
"2015-10-01 00:00:00","c++","7002"
"2015-10-01 00:00:00","delphi","420"
"2015-10-01 00:00:00","go","421"
"2015-10-01 00:00:00","java","18382"
"2015-10-01 00:00:00","javascript","21678"
"2015-10-01 00:00:00","perl","495"
"2015-10-01 00:00:00","php","13783"
"2015-10-01 00:00:00","python","12413"
"2015-10-01 00:00:00","r","3647"
"2015-10-01 00:00:00","ruby","2185"
"2015-10-01 00:00:00","swift","4278"
"2015-11-01 00:00:00","assembly","398"
"2015-11-01 00:00:00","c","3592"
"2015-11-01 00:00:00","c#","12310"
"2015-11-01 00:00:00","c++","7049"
"2015-11-01 00:00:00","delphi","387"
"2015-11-01 00:00:00","go","432"
"2015-11-01 00:00:00","java","17646"
"2015-11-01 00:00:00","javascript","21125"
"2015-11-01 00:00:00","perl","463"
"2015-11-01 00:00:00","php","13168"
"2015-11-01 00:00:00","python","12213"
"2015-11-01 00:00:00","r","3513"
"2015-11-01 00:00:00","ruby","1952"
"2015-11-01 00:00:00","swift","4303"
"2015-12-01 00:00:00","assembly","350"
"2015-12-01 00:00:00","c","3076"
"2015-12-01 00:00:00","c#","12065"
"2015-12-01 00:00:00","c++","6523"
"2015-12-01 00:00:00","delphi","314"
"2015-12-01 00:00:00","go","415"
"2015-12-01 00:00:00","java","16417"
"2015-12-01 00:00:00","javascript","20947"
"2015-12-01 00:00:00","perl","477"
"2015-12-01 00:00:00","php","13580"
"2015-12-01 00:00:00","python","11583"
"2015-12-01 00:00:00","r","3166"
"2015-12-01 00:00:00","ruby","2022"
"2015-12-01 00:00:00","swift","4356"
"2016-01-01 00:00:00","assembly","245"
"2016-01-01 00:00:00","c","3027"
"2016-01-01 00:00:00","c#","12296"
"2016-01-01 00:00:00","c++","6070"
"2016-01-01 00:00:00","delphi","317"
"2016-01-01 00:00:00","go","494"
"2016-01-01 00:00:00","java","16513"
"2016-01-01 00:00:00","javascript","22393"
"2016-01-01 00:00:00","perl","445"
"2016-01-01 00:00:00","php","14399"
"2016-01-01 00:00:00","python","12280"
"2016-01-01 00:00:00","r","3516"
"2016-01-01 00:00:00","ruby","2138"
"2016-01-01 00:00:00","swift","4764"
"2016-02-01 00:00:00","assembly","343"
"2016-02-01 00:00:00","c","3257"
"2016-02-01 00:00:00","c#","12664"
"2016-02-01 00:00:00","c++","6521"
"2016-02-01 00:00:00","delphi","354"
"2016-02-01 00:00:00","go","539"
"2016-02-01 00:00:00","java","17719"
"2016-02-01 00:00:00","javascript","22331"
"2016-02-01 00:00:00","perl","500"
"2016-02-01 00:00:00","php","14738"
"2016-02-01 00:00:00","python","13186"
"2016-02-01 00:00:00","r","3569"
"2016-02-01 00:00:00","ruby","2245"
"2016-02-01 00:00:00","swift","4732"
"2016-03-01 00:00:00","assembly","430"
"2016-03-01 00:00:00","c","3427"
"2016-03-01 00:00:00","c#","13527"
"2016-03-01 00:00:00","c++","6984"
"2016-03-01 00:00:00","delphi","337"
"2016-03-01 00:00:00","go","592"
"2016-03-01 00:00:00","java","19731"
"2016-03-01 00:00:00","javascript","23936"
"2016-03-01 00:00:00","perl","467"
"2016-03-01 00:00:00","php","14984"
"2016-03-01 00:00:00","python","13997"
"2016-03-01 00:00:00","r","4030"
"2016-03-01 00:00:00","ruby","2252"
"2016-03-01 00:00:00","swift","5050"
"2016-04-01 00:00:00","assembly","412"
"2016-04-01 00:00:00","c","3343"
"2016-04-01 00:00:00","c#","13647"
"2016-04-01 00:00:00","c++","6862"
"2016-04-01 00:00:00","delphi","326"
"2016-04-01 00:00:00","go","601"
"2016-04-01 00:00:00","java","19368"
"2016-04-01 00:00:00","javascript","23322"
"2016-04-01 00:00:00","perl","492"
"2016-04-01 00:00:00","php","14338"
"2016-04-01 00:00:00","python","13570"
"2016-04-01 00:00:00","r","4108"
"2016-04-01 00:00:00","ruby","2211"
"2016-04-01 00:00:00","swift","4732"
"2016-05-01 00:00:00","assembly","324"
"2016-05-01 00:00:00","c","2714"
"2016-05-01 00:00:00","c#","13441"
"2016-05-01 00:00:00","c++","6109"
"2016-05-01 00:00:00","delphi","337"
"2016-05-01 00:00:00","go","577"
"2016-05-01 00:00:00","java","16930"
"2016-05-01 00:00:00","javascript","22875"
"2016-05-01 00:00:00","perl","485"
"2016-05-01 00:00:00","php","14333"
"2016-05-01 00:00:00","python","13055"
"2016-05-01 00:00:00","r","3787"
"2016-05-01 00:00:00","ruby","2127"
"2016-05-01 00:00:00","swift","4396"
"2016-06-01 00:00:00","assembly","288"
"2016-06-01 00:00:00","c","2290"
"2016-06-01 00:00:00","c#","13009"
"2016-06-01 00:00:00","c++","5689"
"2016-06-01 00:00:00","delphi","281"
"2016-06-01 00:00:00","go","546"
"2016-06-01 00:00:00","java","15853"
"2016-06-01 00:00:00","javascript","22050"
"2016-06-01 00:00:00","perl","434"
"2016-06-01 00:00:00","php","13531"
"2016-06-01 00:00:00","python","12857"
"2016-06-01 00:00:00","r","3849"
"2016-06-01 00:00:00","ruby","2100"
"2016-06-01 00:00:00","swift","4779"
"2016-07-01 00:00:00","assembly","202"
"2016-07-01 00:00:00","c","2338"
"2016-07-01 00:00:00","c#","11939"
"2016-07-01 00:00:00","c++","5439"
"2016-07-01 00:00:00","delphi","242"
"2016-07-01 00:00:00","go","536"
"2016-07-01 00:00:00","java","14870"
"2016-07-01 00:00:00","javascript","22082"
"2016-07-01 00:00:00","perl","413"
"2016-07-01 00:00:00","php","12825"
"2016-07-01 00:00:00","python","12770"
"2016-07-01 00:00:00","r","3737"
"2016-07-01 00:00:00","ruby","1894"
"2016-07-01 00:00:00","swift","4911"
"2016-08-01 00:00:00","assembly","256"
"2016-08-01 00:00:00","c","2199"
"2016-08-01 00:00:00","c#","12675"
"2016-08-01 00:00:00","c++","4998"
"2016-08-01 00:00:00","delphi","337"
"2016-08-01 00:00:00","go","566"
"2016-08-01 00:00:00","java","15131"
"2016-08-01 00:00:00","javascript","22562"
"2016-08-01 00:00:00","perl","457"
"2016-08-01 00:00:00","php","12821"
"2016-08-01 00:00:00","python","12866"
"2016-08-01 00:00:00","r","3778"
"2016-08-01 00:00:00","ruby","1872"
"2016-08-01 00:00:00","swift","4884"
"2016-09-01 00:00:00","assembly","334"
"2016-09-01 00:00:00","c","2497"
"2016-09-01 00:00:00","c#","11052"
"2016-09-01 00:00:00","c++","5117"
"2016-09-01 00:00:00","delphi","287"
"2016-09-01 00:00:00","go","510"
"2016-09-01 00:00:00","java","14588"
"2016-09-01 00:00:00","javascript","20330"
"2016-09-01 00:00:00","perl","461"
"2016-09-01 00:00:00","php","12027"
"2016-09-01 00:00:00","python","12287"
"2016-09-01 00:00:00","r","3296"
"2016-09-01 00:00:00","ruby","1919"
"2016-09-01 00:00:00","swift","4838"
"2016-10-01 00:00:00","assembly","396"
"2016-10-01 00:00:00","c","3197"
"2016-10-01 00:00:00","c#","11419"
"2016-10-01 00:00:00","c++","5949"
"2016-10-01 00:00:00","delphi","268"
"2016-10-01 00:00:00","go","529"
"2016-10-01 00:00:00","java","15249"
"2016-10-01 00:00:00","javascript","20341"
"2016-10-01 00:00:00","perl","400"
"2016-10-01 00:00:00","php","12159"
"2016-10-01 00:00:00","python","13453"
"2016-10-01 00:00:00","r","3768"
"2016-10-01 00:00:00","ruby","1816"
"2016-10-01 00:00:00","swift","4717"
"2016-11-01 00:00:00","assembly","411"
"2016-11-01 00:00:00","c","3251"
"2016-11-01 00:00:00","c#","11610"
"2016-11-01 00:00:00","c++","6042"
"2016-11-01 00:00:00","delphi","275"
"2016-11-01 00:00:00","go","475"
"2016-11-01 00:00:00","java","15581"
"2016-11-01 00:00:00","javascript","20394"
"2016-11-01 00:00:00","perl","365"
"2016-11-01 00:00:00","php","11874"
"2016-11-01 00:00:00","python","14127"
"2016-11-01 00:00:00","r","3543"
"2016-11-01 00:00:00","ruby","1752"
"2016-11-01 00:00:00","swift","4355"
"2016-12-01 00:00:00","assembly","310"
"2016-12-01 00:00:00","c","2790"
"2016-12-01 00:00:00","c#","10642"
"2016-12-01 00:00:00","c++","5200"
"2016-12-01 00:00:00","delphi","251"
"2016-12-01 00:00:00","go","494"
"2016-12-01 00:00:00","java","13771"
"2016-12-01 00:00:00","javascript","19683"
"2016-12-01 00:00:00","perl","336"
"2016-12-01 00:00:00","php","11383"
"2016-12-01 00:00:00","python","12984"
"2016-12-01 00:00:00","r","3140"
"2016-12-01 00:00:00","ruby","1625"
"2016-12-01 00:00:00","swift","3918"
"2017-01-01 00:00:00","assembly","305"
"2017-01-01 00:00:00","c","2749"
"2017-01-01 00:00:00","c#","11645"
"2017-01-01 00:00:00","c++","5627"
"2017-01-01 00:00:00","delphi","285"
"2017-01-01 00:00:00","go","556"
"2017-01-01 00:00:00","java","14487"
"2017-01-01 00:00:00","javascript","21299"
"2017-01-01 00:00:00","perl","321"
"2017-01-01 00:00:00","php","12509"
"2017-01-01 00:00:00","python","14207"
"2017-01-01 00:00:00","r","3479"
"2017-01-01 00:00:00","ruby","1820"
"2017-01-01 00:00:00","swift","4327"
"2017-02-01 00:00:00","assembly","300"
"2017-02-01 00:00:00","c","2712"
"2017-02-01 00:00:00","c#","11431"
"2017-02-01 00:00:00","c++","5146"
"2017-02-01 00:00:00","delphi","304"
"2017-02-01 00:00:00","go","548"
"2017-02-01 00:00:00","java","14485"
"2017-02-01 00:00:00","javascript","21092"
"2017-02-01 00:00:00","perl","398"
"2017-02-01 00:00:00","php","12389"
"2017-02-01 00:00:00","python","14715"
"2017-02-01 00:00:00","r","3667"
"2017-02-01 00:00:00","ruby","1616"
"2017-02-01 00:00:00","swift","4043"
"2017-03-01 00:00:00","assembly","368"
"2017-03-01 00:00:00","c","2945"
"2017-03-01 00:00:00","c#","12933"
"2017-03-01 00:00:00","c++","6198"
"2017-03-01 00:00:00","delphi","304"
"2017-03-01 00:00:00","go","650"
"2017-03-01 00:00:00","java","17218"
"2017-03-01 00:00:00","javascript","23552"
"2017-03-01 00:00:00","perl","408"
"2017-03-01 00:00:00","php","13885"
"2017-03-01 00:00:00","python","17042"
"2017-03-01 00:00:00","r","4587"
"2017-03-01 00:00:00","ruby","1787"
"2017-03-01 00:00:00","swift","4603"
"2017-04-01 00:00:00","assembly","315"
"2017-04-01 00:00:00","c","2835"
"2017-04-01 00:00:00","c#","11046"
"2017-04-01 00:00:00","c++","5847"
"2017-04-01 00:00:00","delphi","262"
"2017-04-01 00:00:00","go","506"
"2017-04-01 00:00:00","java","15803"
"2017-04-01 00:00:00","javascript","21108"
"2017-04-01 00:00:00","perl","366"
"2017-04-01 00:00:00","php","12263"
"2017-04-01 00:00:00","python","15581"
"2017-04-01 00:00:00","r","4243"
"2017-04-01 00:00:00","ruby","1483"
"2017-04-01 00:00:00","swift","3899"
"2017-05-01 00:00:00","assembly","347"
"2017-05-01 00:00:00","c","2735"
"2017-05-01 00:00:00","c#","11929"
"2017-05-01 00:00:00","c++","5275"
"2017-05-01 00:00:00","delphi","316"
"2017-05-01 00:00:00","go","581"
"2017-05-01 00:00:00","java","16245"
"2017-05-01 00:00:00","javascript","22263"
"2017-05-01 00:00:00","perl","353"
"2017-05-01 00:00:00","php","12938"
"2017-05-01 00:00:00","python","16118"
"2017-05-01 00:00:00","r","4295"
"2017-05-01 00:00:00","ruby","1515"
"2017-05-01 00:00:00","swift","4084"
"2017-06-01 00:00:00","assembly","238"
"2017-06-01 00:00:00","c","2336"
"2017-06-01 00:00:00","c#","11239"
"2017-06-01 00:00:00","c++","4659"
"2017-06-01 00:00:00","delphi","245"
"2017-06-01 00:00:00","go","572"
"2017-06-01 00:00:00","java","14531"
"2017-06-01 00:00:00","javascript","21448"
"2017-06-01 00:00:00","perl","310"
"2017-06-01 00:00:00","php","11626"
"2017-06-01 00:00:00","python","15932"
"2017-06-01 00:00:00","r","4427"
"2017-06-01 00:00:00","ruby","1409"
"2017-06-01 00:00:00","swift","4181"
"2017-07-01 00:00:00","assembly","220"
"2017-07-01 00:00:00","c","2037"
"2017-07-01 00:00:00","c#","11159"
"2017-07-01 00:00:00","c++","4998"
"2017-07-01 00:00:00","delphi","206"
"2017-07-01 00:00:00","go","653"
"2017-07-01 00:00:00","java","14046"
"2017-07-01 00:00:00","javascript","21483"
"2017-07-01 00:00:00","perl","322"
"2017-07-01 00:00:00","php","11648"
"2017-07-01 00:00:00","python","16839"
"2017-07-01 00:00:00","r","4567"
"2017-07-01 00:00:00","ruby","1517"
"2017-07-01 00:00:00","swift","4341"
"2017-08-01 00:00:00","assembly","215"
"2017-08-01 00:00:00","c","2034"
"2017-08-01 00:00:00","c#","10915"
"2017-08-01 00:00:00","c++","4764"
"2017-08-01 00:00:00","delphi","289"
"2017-08-01 00:00:00","go","602"
"2017-08-01 00:00:00","java","13686"
"2017-08-01 00:00:00","javascript","21235"
"2017-08-01 00:00:00","perl","355"
"2017-08-01 00:00:00","php","11540"
"2017-08-01 00:00:00","python","16421"
"2017-08-01 00:00:00","r","4547"
"2017-08-01 00:00:00","ruby","1391"
"2017-08-01 00:00:00","swift","4164"
"2017-09-01 00:00:00","assembly","228"
"2017-09-01 00:00:00","c","2090"
"2017-09-01 00:00:00","c#","9825"
"2017-09-01 00:00:00","c++","4445"
"2017-09-01 00:00:00","delphi","260"
"2017-09-01 00:00:00","go","541"
"2017-09-01 00:00:00","java","12679"
"2017-09-01 00:00:00","javascript","18858"
"2017-09-01 00:00:00","perl","296"
"2017-09-01 00:00:00","php","10605"
"2017-09-01 00:00:00","python","15377"
"2017-09-01 00:00:00","r","4208"
"2017-09-01 00:00:00","ruby","1220"
"2017-09-01 00:00:00","swift","3751"
"2017-10-01 00:00:00","assembly","328"
"2017-10-01 00:00:00","c","2763"
"2017-10-01 00:00:00","c#","10162"
"2017-10-01 00:00:00","c++","5196"
"2017-10-01 00:00:00","delphi","221"
"2017-10-01 00:00:00","go","613"
"2017-10-01 00:00:00","java","13922"
"2017-10-01 00:00:00","javascript","19699"
"2017-10-01 00:00:00","perl","332"
"2017-10-01 00:00:00","php","10720"
"2017-10-01 00:00:00","python","16862"
"2017-10-01 00:00:00","r","4519"
"2017-10-01 00:00:00","ruby","1294"
"2017-10-01 00:00:00","swift","3879"
"2017-11-01 00:00:00","assembly","383"
"2017-11-01 00:00:00","c","2931"
"2017-11-01 00:00:00","c#","9720"
"2017-11-01 00:00:00","c++","5009"
"2017-11-01 00:00:00","delphi","199"
"2017-11-01 00:00:00","go","654"
"2017-11-01 00:00:00","java","14054"
"2017-11-01 00:00:00","javascript","19254"
"2017-11-01 00:00:00","perl","262"
"2017-11-01 00:00:00","php","10465"
"2017-11-01 00:00:00","python","16864"
"2017-11-01 00:00:00","r","4489"
"2017-11-01 00:00:00","ruby","1167"
"2017-11-01 00:00:00","swift","3651"
"2017-12-01 00:00:00","assembly","247"
"2017-12-01 00:00:00","c","2189"
"2017-12-01 00:00:00","c#","8550"
"2017-12-01 00:00:00","c++","4435"
"2017-12-01 00:00:00","delphi","186"
"2017-12-01 00:00:00","go","521"
"2017-12-01 00:00:00","java","11904"
"2017-12-01 00:00:00","javascript","16853"
"2017-12-01 00:00:00","perl","235"
"2017-12-01 00:00:00","php","9046"
"2017-12-01 00:00:00","python","14861"
"2017-12-01 00:00:00","r","3705"
"2017-12-01 00:00:00","ruby","1014"
"2017-12-01 00:00:00","swift","3192"
"2018-01-01 00:00:00","assembly","251"
"2018-01-01 00:00:00","c","2203"
"2018-01-01 00:00:00","c#","9328"
"2018-01-01 00:00:00","c++","4726"
"2018-01-01 00:00:00","delphi","195"
"2018-01-01 00:00:00","go","539"
"2018-01-01 00:00:00","java","12287"
"2018-01-01 00:00:00","javascript","18785"
"2018-01-01 00:00:00","perl","245"
"2018-01-01 00:00:00","php","10023"
"2018-01-01 00:00:00","python","16157"
"2018-01-01 00:00:00","r","4188"
"2018-01-01 00:00:00","ruby","1157"
"2018-01-01 00:00:00","swift","3729"
"2018-02-01 00:00:00","assembly","281"
"2018-02-01 00:00:00","c","2135"
"2018-02-01 00:00:00","c#","8534"
"2018-02-01 00:00:00","c++","4551"
"2018-02-01 00:00:00","delphi","212"
"2018-02-01 00:00:00","go","581"
"2018-02-01 00:00:00","java","11970"
"2018-02-01 00:00:00","javascript","17126"
"2018-02-01 00:00:00","perl","230"
"2018-02-01 00:00:00","php","9052"
"2018-02-01 00:00:00","python","16225"
"2018-02-01 00:00:00","r","4489"
"2018-02-01 00:00:00","ruby","1028"
"2018-02-01 00:00:00","swift","3388"
"2018-03-01 00:00:00","assembly","316"
"2018-03-01 00:00:00","c","2453"
"2018-03-01 00:00:00","c#","9730"
"2018-03-01 00:00:00","c++","5151"
"2018-03-01 00:00:00","delphi","219"
"2018-03-01 00:00:00","go","601"
"2018-03-01 00:00:00","java","13469"
"2018-03-01 00:00:00","javascript","19018"
"2018-03-01 00:00:00","perl","287"
"2018-03-01 00:00:00","php","9751"
"2018-03-01 00:00:00","python","17816"
"2018-03-01 00:00:00","r","5083"
"2018-03-01 00:00:00","ruby","1059"
"2018-03-01 00:00:00","swift","4032"
"2018-04-01 00:00:00","assembly","320"
"2018-04-01 00:00:00","c","2171"
"2018-04-01 00:00:00","c#","9173"
"2018-04-01 00:00:00","c++","4642"
"2018-04-01 00:00:00","delphi","202"
"2018-04-01 00:00:00","go","616"
"2018-04-01 00:00:00","java","13403"
"2018-04-01 00:00:00","javascript","17864"
"2018-04-01 00:00:00","perl","252"
"2018-04-01 00:00:00","php","8853"
"2018-04-01 00:00:00","python","16877"
"2018-04-01 00:00:00","r","4711"
"2018-04-01 00:00:00","ruby","984"
"2018-04-01 00:00:00","swift","3557"
"2018-05-01 00:00:00","assembly","296"
"2018-05-01 00:00:00","c","2351"
"2018-05-01 00:00:00","c#","9872"
"2018-05-01 00:00:00","c++","4671"
"2018-05-01 00:00:00","delphi","192"
"2018-05-01 00:00:00","go","628"
"2018-05-01 00:00:00","java","13385"
"2018-05-01 00:00:00","javascript","17944"
"2018-05-01 00:00:00","perl","242"
"2018-05-01 00:00:00","php","9386"
"2018-05-01 00:00:00","python","17486"
"2018-05-01 00:00:00","r","4720"
"2018-05-01 00:00:00","ruby","1032"
"2018-05-01 00:00:00","swift","3603"
"2018-06-01 00:00:00","assembly","201"
"2018-06-01 00:00:00","c","1827"
"2018-06-01 00:00:00","c#","8743"
"2018-06-01 00:00:00","c++","4078"
"2018-06-01 00:00:00","delphi","186"
"2018-06-01 00:00:00","go","671"
"2018-06-01 00:00:00","java","11736"
"2018-06-01 00:00:00","javascript","17112"
"2018-06-01 00:00:00","perl","238"
"2018-06-01 00:00:00","php","8368"
"2018-06-01 00:00:00","python","16729"
"2018-06-01 00:00:00","r","4468"
"2018-06-01 00:00:00","ruby","988"
"2018-06-01 00:00:00","swift","3127"
"2018-07-01 00:00:00","assembly","181"
"2018-07-01 00:00:00","c","1591"
"2018-07-01 00:00:00","c#","9367"
"2018-07-01 00:00:00","c++","3895"
"2018-07-01 00:00:00","delphi","206"
"2018-07-01 00:00:00","go","685"
"2018-07-01 00:00:00","java","11692"
"2018-07-01 00:00:00","javascript","17746"
"2018-07-01 00:00:00","perl","245"
"2018-07-01 00:00:00","php","8519"
"2018-07-01 00:00:00","python","17873"
"2018-07-01 00:00:00","r","4395"
"2018-07-01 00:00:00","ruby","939"
"2018-07-01 00:00:00","swift","3656"
"2018-08-01 00:00:00","assembly","176"
"2018-08-01 00:00:00","c","1671"
"2018-08-01 00:00:00","c#","9442"
"2018-08-01 00:00:00","c++","3886"
"2018-08-01 00:00:00","delphi","204"
"2018-08-01 00:00:00","go","703"
"2018-08-01 00:00:00","java","11258"
"2018-08-01 00:00:00","javascript","17791"
"2018-08-01 00:00:00","perl","227"
"2018-08-01 00:00:00","php","8449"
"2018-08-01 00:00:00","python","17686"
"2018-08-01 00:00:00","r","4091"
"2018-08-01 00:00:00","ruby","874"
"2018-08-01 00:00:00","swift","3559"
"2018-09-01 00:00:00","assembly","255"
"2018-09-01 00:00:00","c","1827"
"2018-09-01 00:00:00","c#","8328"
"2018-09-01 00:00:00","c++","3719"
"2018-09-01 00:00:00","delphi","181"
"2018-09-01 00:00:00","go","670"
"2018-09-01 00:00:00","java","10673"
"2018-09-01 00:00:00","javascript","15954"
"2018-09-01 00:00:00","perl","204"
"2018-09-01 00:00:00","php","7641"
"2018-09-01 00:00:00","python","15962"
"2018-09-01 00:00:00","r","3740"
"2018-09-01 00:00:00","ruby","774"
"2018-09-01 00:00:00","swift","3127"
"2018-10-01 00:00:00","assembly","318"
"2018-10-01 00:00:00","c","2433"
"2018-10-01 00:00:00","c#","9302"
"2018-10-01 00:00:00","c++","4285"
"2018-10-01 00:00:00","delphi","221"
"2018-10-01 00:00:00","go","788"
"2018-10-01 00:00:00","java","12452"
"2018-10-01 00:00:00","javascript","17330"
"2018-10-01 00:00:00","perl","277"
"2018-10-01 00:00:00","php","8103"
"2018-10-01 00:00:00","python","18083"
"2018-10-01 00:00:00","r","4338"
"2018-10-01 00:00:00","ruby","894"
"2018-10-01 00:00:00","swift","3260"
"2018-11-01 00:00:00","assembly","301"
"2018-11-01 00:00:00","c","2513"
"2018-11-01 00:00:00","c#","8440"
"2018-11-01 00:00:00","c++","4323"
"2018-11-01 00:00:00","delphi","179"
"2018-11-01 00:00:00","go","716"
"2018-11-01 00:00:00","java","11652"
"2018-11-01 00:00:00","javascript","16106"
"2018-11-01 00:00:00","perl","234"
"2018-11-01 00:00:00","php","7047"
"2018-11-01 00:00:00","python","17930"
"2018-11-01 00:00:00","r","4213"
"2018-11-01 00:00:00","ruby","833"
"2018-11-01 00:00:00","swift","2972"
"2018-12-01 00:00:00","assembly","218"
"2018-12-01 00:00:00","c","2183"
"2018-12-01 00:00:00","c#","7509"
"2018-12-01 00:00:00","c++","3538"
"2018-12-01 00:00:00","delphi","173"
"2018-12-01 00:00:00","go","656"
"2018-12-01 00:00:00","java","10393"
"2018-12-01 00:00:00","javascript","14205"
"2018-12-01 00:00:00","perl","217"
"2018-12-01 00:00:00","php","6188"
"2018-12-01 00:00:00","python","15659"
"2018-12-01 00:00:00","r","3384"
"2018-12-01 00:00:00","ruby","806"
"2018-12-01 00:00:00","swift","2773"
"2019-01-01 00:00:00","assembly","219"
"2019-01-01 00:00:00","c","2269"
"2019-01-01 00:00:00","c#","8710"
"2019-01-01 00:00:00","c++","3887"
"2019-01-01 00:00:00","delphi","213"
"2019-01-01 00:00:00","go","651"
"2019-01-01 00:00:00","java","10978"
"2019-01-01 00:00:00","javascript","15964"
"2019-01-01 00:00:00","perl","261"
"2019-01-01 00:00:00","php","7124"
"2019-01-01 00:00:00","python","16881"
"2019-01-01 00:00:00","r","3935"
"2019-01-01 00:00:00","ruby","915"
"2019-01-01 00:00:00","swift","2893"
"2019-02-01 00:00:00","assembly","223"
"2019-02-01 00:00:00","c","2044"
"2019-02-01 00:00:00","c#","8316"
"2019-02-01 00:00:00","c++","3712"
"2019-02-01 00:00:00","delphi","191"
"2019-02-01 00:00:00","go","624"
"2019-02-01 00:00:00","java","10937"
"2019-02-01 00:00:00","javascript","15621"
"2019-02-01 00:00:00","perl","249"
"2019-02-01 00:00:00","php","7235"
"2019-02-01 00:00:00","python","17465"
"2019-02-01 00:00:00","r","4236"
"2019-02-01 00:00:00","ruby","784"
"2019-02-01 00:00:00","swift","2668"
"2019-03-01 00:00:00","assembly","276"
"2019-03-01 00:00:00","c","2368"
"2019-03-01 00:00:00","c#","8917"
"2019-03-01 00:00:00","c++","4399"
"2019-03-01 00:00:00","delphi","184"
"2019-03-01 00:00:00","go","718"
"2019-03-01 00:00:00","java","11977"
"2019-03-01 00:00:00","javascript","17262"
"2019-03-01 00:00:00","perl","231"
"2019-03-01 00:00:00","php","7742"
"2019-03-01 00:00:00","python","19820"
"2019-03-01 00:00:00","r","4480"
"2019-03-01 00:00:00","ruby","839"
"2019-03-01 00:00:00","swift","2935"
"2019-04-01 00:00:00","assembly","303"
"2019-04-01 00:00:00","c","2419"
"2019-04-01 00:00:00","c#","9067"
"2019-04-01 00:00:00","c++","4358"
"2019-04-01 00:00:00","delphi","203"
"2019-04-01 00:00:00","go","647"
"2019-04-01 00:00:00","java","11103"
"2019-04-01 00:00:00","javascript","16099"
"2019-04-01 00:00:00","perl","205"
"2019-04-01 00:00:00","php","7154"
"2019-04-01 00:00:00","python","19755"
"2019-04-01 00:00:00","r","4591"
"2019-04-01 00:00:00","ruby","766"
"2019-04-01 00:00:00","swift","3057"
"2019-05-01 00:00:00","assembly","234"
"2019-05-01 00:00:00","c","2084"
"2019-05-01 00:00:00","c#","8988"
"2019-05-01 00:00:00","c++","4110"
"2019-05-01 00:00:00","delphi","167"
"2019-05-01 00:00:00","go","669"
"2019-05-01 00:00:00","java","11020"
"2019-05-01 00:00:00","javascript","16075"
"2019-05-01 00:00:00","perl","220"
"2019-05-01 00:00:00","php","6917"
"2019-05-01 00:00:00","python","18822"
"2019-05-01 00:00:00","r","4289"
"2019-05-01 00:00:00","ruby","760"
"2019-05-01 00:00:00","swift","3089"
"2019-06-01 00:00:00","assembly","199"
"2019-06-01 00:00:00","c","1716"
"2019-06-01 00:00:00","c#","7564"
"2019-06-01 00:00:00","c++","3626"
"2019-06-01 00:00:00","delphi","134"
"2019-06-01 00:00:00","go","524"
"2019-06-01 00:00:00","java","9581"
"2019-06-01 00:00:00","javascript","14741"
"2019-06-01 00:00:00","perl","235"
"2019-06-01 00:00:00","php","5984"
"2019-06-01 00:00:00","python","17156"
"2019-06-01 00:00:00","r","3941"
"2019-06-01 00:00:00","ruby","701"
"2019-06-01 00:00:00","swift","3084"
"2019-07-01 00:00:00","assembly","185"
"2019-07-01 00:00:00","c","1742"
"2019-07-01 00:00:00","c#","8409"
"2019-07-01 00:00:00","c++","4247"
"2019-07-01 00:00:00","delphi","164"
"2019-07-01 00:00:00","go","623"
"2019-07-01 00:00:00","java","10777"
"2019-07-01 00:00:00","javascript","16057"
"2019-07-01 00:00:00","perl","236"
"2019-07-01 00:00:00","php","6620"
"2019-07-01 00:00:00","python","19653"
"2019-07-01 00:00:00","r","4186"
"2019-07-01 00:00:00","ruby","757"
"2019-07-01 00:00:00","swift","3035"
"2019-08-01 00:00:00","assembly","166"
"2019-08-01 00:00:00","c","1539"
"2019-08-01 00:00:00","c#","7670"
"2019-08-01 00:00:00","c++","3264"
"2019-08-01 00:00:00","delphi","174"
"2019-08-01 00:00:00","go","628"
"2019-08-01 00:00:00","java","9035"
"2019-08-01 00:00:00","javascript","15142"
"2019-08-01 00:00:00","perl","192"
"2019-08-01 00:00:00","php","5808"
"2019-08-01 00:00:00","python","17950"
"2019-08-01 00:00:00","r","3939"
"2019-08-01 00:00:00","ruby","775"
"2019-08-01 00:00:00","swift","2527"
"2019-09-01 00:00:00","assembly","221"
"2019-09-01 00:00:00","c","1995"
"2019-09-01 00:00:00","c#","7809"
"2019-09-01 00:00:00","c++","3760"
"2019-09-01 00:00:00","delphi","145"
"2019-09-01 00:00:00","go","614"
"2019-09-01 00:00:00","java","9608"
"2019-09-01 00:00:00","javascript","14800"
"2019-09-01 00:00:00","perl","198"
"2019-09-01 00:00:00","php","5539"
"2019-09-01 00:00:00","python","16806"
"2019-09-01 00:00:00","r","3928"
"2019-09-01 00:00:00","ruby","714"
"2019-09-01 00:00:00","swift","2556"
"2019-10-01 00:00:00","assembly","316"
"2019-10-01 00:00:00","c","2468"
"2019-10-01 00:00:00","c#","8368"
"2019-10-01 00:00:00","c++","4813"
"2019-10-01 00:00:00","delphi","152"
"2019-10-01 00:00:00","go","631"
"2019-10-01 00:00:00","java","11139"
"2019-10-01 00:00:00","javascript","15907"
"2019-10-01 00:00:00","perl","208"
"2019-10-01 00:00:00","php","6022"
"2019-10-01 00:00:00","python","20353"
"2019-10-01 00:00:00","r","4372"
"2019-10-01 00:00:00","ruby","847"
"2019-10-01 00:00:00","swift","3100"
"2019-11-01 00:00:00","assembly","280"
"2019-11-01 00:00:00","c","2495"
"2019-11-01 00:00:00","c#","7983"
"2019-11-01 00:00:00","c++","4701"
"2019-11-01 00:00:00","delphi","169"
"2019-11-01 00:00:00","go","600"
"2019-11-01 00:00:00","java","10259"
"2019-11-01 00:00:00","javascript","15659"
"2019-11-01 00:00:00","perl","218"
"2019-11-01 00:00:00","php","6074"
"2019-11-01 00:00:00","python","20509"
"2019-11-01 00:00:00","r","4274"
"2019-11-01 00:00:00","ruby","684"
"2019-11-01 00:00:00","swift","2856"
"2019-12-01 00:00:00","assembly","248"
"2019-12-01 00:00:00","c","2132"
"2019-12-01 00:00:00","c#","7172"
"2019-12-01 00:00:00","c++","4176"
"2019-12-01 00:00:00","delphi","125"
"2019-12-01 00:00:00","go","611"
"2019-12-01 00:00:00","java","8958"
"2019-12-01 00:00:00","javascript","14219"
"2019-12-01 00:00:00","perl","156"
"2019-12-01 00:00:00","php","5210"
"2019-12-01 00:00:00","python","18004"
"2019-12-01 00:00:00","r","3736"
"2019-12-01 00:00:00","ruby","666"
"2019-12-01 00:00:00","swift","2652"
"2020-01-01 00:00:00","assembly","228"
"2020-01-01 00:00:00","c","2035"
"2020-01-01 00:00:00","c#","7756"
"2020-01-01 00:00:00","c++","4190"
"2020-01-01 00:00:00","delphi","163"
"2020-01-01 00:00:00","go","645"
"2020-01-01 00:00:00","java","9862"
"2020-01-01 00:00:00","javascript","15928"
"2020-01-01 00:00:00","perl","164"
"2020-01-01 00:00:00","php","5872"
"2020-01-01 00:00:00","python","19853"
"2020-01-01 00:00:00","r","4129"
"2020-01-01 00:00:00","ruby","760"
"2020-01-01 00:00:00","swift","2886"
"2020-02-01 00:00:00","assembly","271"
"2020-02-01 00:00:00","c","1970"
"2020-02-01 00:00:00","c#","7666"
"2020-02-01 00:00:00","c++","4054"
"2020-02-01 00:00:00","delphi","156"
"2020-02-01 00:00:00","go","655"
"2020-02-01 00:00:00","java","9971"
"2020-02-01 00:00:00","javascript","15659"
"2020-02-01 00:00:00","perl","178"
"2020-02-01 00:00:00","php","5624"
"2020-02-01 00:00:00","python","19910"
"2020-02-01 00:00:00","r","4664"
"2020-02-01 00:00:00","ruby","652"
"2020-02-01 00:00:00","swift","2747"
"2020-03-01 00:00:00","assembly","293"
"2020-03-01 00:00:00","c","2466"
"2020-03-01 00:00:00","c#","7745"
"2020-03-01 00:00:00","c++","4612"
"2020-03-01 00:00:00","delphi","166"
"2020-03-01 00:00:00","go","649"
"2020-03-01 00:00:00","java","11003"
"2020-03-01 00:00:00","javascript","17452"
"2020-03-01 00:00:00","perl","196"
"2020-03-01 00:00:00","php","5643"
"2020-03-01 00:00:00","python","22526"
"2020-03-01 00:00:00","r","5106"
"2020-03-01 00:00:00","ruby","709"
"2020-03-01 00:00:00","swift","2900"
"2020-04-01 00:00:00","assembly","372"
"2020-04-01 00:00:00","c","3226"
"2020-04-01 00:00:00","c#","8542"
"2020-04-01 00:00:00","c++","6169"
"2020-04-01 00:00:00","delphi","231"
"2020-04-01 00:00:00","go","791"
"2020-04-01 00:00:00","java","12535"
"2020-04-01 00:00:00","javascript","20760"
"2020-04-01 00:00:00","perl","217"
"2020-04-01 00:00:00","php","6585"
"2020-04-01 00:00:00","python","27464"
"2020-04-01 00:00:00","r","6159"
"2020-04-01 00:00:00","ruby","759"
"2020-04-01 00:00:00","swift","3433"
"2020-05-01 00:00:00","assembly","357"
"2020-05-01 00:00:00","c","3349"
"2020-05-01 00:00:00","c#","8542"
"2020-05-01 00:00:00","c++","6355"
"2020-05-01 00:00:00","delphi","200"
"2020-05-01 00:00:00","go","749"
"2020-05-01 00:00:00","java","11932"
"2020-05-01 00:00:00","javascript","21354"
"2020-05-01 00:00:00","perl","211"
"2020-05-01 00:00:00","php","6479"
"2020-05-01 00:00:00","python","29261"
"2020-05-01 00:00:00","r","5998"
"2020-05-01 00:00:00","ruby","694"
"2020-05-01 00:00:00","swift","3496"
"2020-06-01 00:00:00","assembly","327"
"2020-06-01 00:00:00","c","2579"
"2020-06-01 00:00:00","c#","7857"
"2020-06-01 00:00:00","c++","5588"
"2020-06-01 00:00:00","delphi","202"
"2020-06-01 00:00:00","go","705"
"2020-06-01 00:00:00","java","10759"
"2020-06-01 00:00:00","javascript","19682"
"2020-06-01 00:00:00","perl","198"
"2020-06-01 00:00:00","php","5905"
"2020-06-01 00:00:00","python","26969"
"2020-06-01 00:00:00","r","5427"
"2020-06-01 00:00:00","ruby","611"
"2020-06-01 00:00:00","swift","3138"
"2020-07-01 00:00:00","assembly","269"
"2020-07-01 00:00:00","c","2085"
"2020-07-01 00:00:00","c#","7766"
"2020-07-01 00:00:00","c++","5141"
"2020-07-01 00:00:00","delphi","192"
"2020-07-01 00:00:00","go","638"
"2020-07-01 00:00:00","java","10394"
"2020-07-01 00:00:00","javascript","19776"
"2020-07-01 00:00:00","perl","175"
"2020-07-01 00:00:00","php","5916"
"2020-07-01 00:00:00","python","26143"
"2020-07-01 00:00:00","r","4929"
"2020-07-01 00:00:00","ruby","695"
"2020-07-01 00:00:00","swift","2976"
"2020-08-01 00:00:00","assembly","264"
"2020-08-01 00:00:00","c","1885"
"2020-08-01 00:00:00","c#","7031"
"2020-08-01 00:00:00","c++","4755"
"2020-08-01 00:00:00","delphi","183"
"2020-08-01 00:00:00","go","704"
"2020-08-01 00:00:00","java","9252"
"2020-08-01 00:00:00","javascript","17929"
"2020-08-01 00:00:00","perl","192"
"2020-08-01 00:00:00","php","4966"
"2020-08-01 00:00:00","python","22895"
"2020-08-01 00:00:00","r","4483"
"2020-08-01 00:00:00","ruby","553"
"2020-08-01 00:00:00","swift","2652"
"2020-09-01 00:00:00","assembly","294"
"2020-09-01 00:00:00","c","2139"
"2020-09-01 00:00:00","c#","6423"
"2020-09-01 00:00:00","c++","3897"
"2020-09-01 00:00:00","delphi","171"
"2020-09-01 00:00:00","go","726"
"2020-09-01 00:00:00","java","8886"
"2020-09-01 00:00:00","javascript","16682"
"2020-09-01 00:00:00","perl","164"
"2020-09-01 00:00:00","php","4739"
"2020-09-01 00:00:00","python","21583"
"2020-09-01 00:00:00","r","4742"
"2020-09-01 00:00:00","ruby","511"
"2020-09-01 00:00:00","swift","2538"
"2020-10-01 00:00:00","assembly","343"
"2020-10-01 00:00:00","c","2353"
"2020-10-01 00:00:00","c#","6161"
"2020-10-01 00:00:00","c++","4295"
"2020-10-01 00:00:00","delphi","180"
"2020-10-01 00:00:00","go","589"
"2020-10-01 00:00:00","java","8884"
"2020-10-01 00:00:00","javascript","16318"
"2020-10-01 00:00:00","perl","169"
"2020-10-01 00:00:00","php","4555"
"2020-10-01 00:00:00","python","22645"
"2020-10-01 00:00:00","r","5061"
"2020-10-01 00:00:00","ruby","491"
"2020-10-01 00:00:00","swift","2300"
"2020-11-01 00:00:00","assembly","373"
"2020-11-01 00:00:00","c","2678"
"2020-11-01 00:00:00","c#","5953"
"2020-11-01 00:00:00","c++","4283"
"2020-11-01 00:00:00","delphi","193"
"2020-11-01 00:00:00","go","523"
"2020-11-01 00:00:00","java","8414"
"2020-11-01 00:00:00","javascript","15414"
"2020-11-01 00:00:00","perl","149"
"2020-11-01 00:00:00","php","4588"
"2020-11-01 00:00:00","python","21991"
"2020-11-01 00:00:00","r","4793"
"2020-11-01 00:00:00","ruby","501"
"2020-11-01 00:00:00","swift","2150"
"2020-12-01 00:00:00","assembly","297"
"2020-12-01 00:00:00","c","2632"
"2020-12-01 00:00:00","c#","5712"
"2020-12-01 00:00:00","c++","4425"
"2020-12-01 00:00:00","delphi","190"
"2020-12-01 00:00:00","go","532"
"2020-12-01 00:00:00","java","7746"
"2020-12-01 00:00:00","javascript","15910"
"2020-12-01 00:00:00","perl","131"
"2020-12-01 00:00:00","php","4775"
"2020-12-01 00:00:00","python","22021"
"2020-12-01 00:00:00","r","4316"
"2020-12-01 00:00:00","ruby","497"
"2020-12-01 00:00:00","swift","2084"
"2021-01-01 00:00:00","assembly","305"
"2021-01-01 00:00:00","c","2557"
"2021-01-01 00:00:00","c#","6151"
"2021-01-01 00:00:00","c++","4085"
"2021-01-01 00:00:00","delphi","199"
"2021-01-01 00:00:00","go","563"
"2021-01-01 00:00:00","java","7988"
"2021-01-01 00:00:00","javascript","16760"
"2021-01-01 00:00:00","perl","145"
"2021-01-01 00:00:00","php","4741"
"2021-01-01 00:00:00","python","22734"
"2021-01-01 00:00:00","r","4326"
"2021-01-01 00:00:00","ruby","522"
"2021-01-01 00:00:00","swift","2296"
"2021-02-01 00:00:00","assembly","244"
"2021-02-01 00:00:00","c","2230"
"2021-02-01 00:00:00","c#","5758"
"2021-02-01 00:00:00","c++","4071"
"2021-02-01 00:00:00","delphi","189"
"2021-02-01 00:00:00","go","564"
"2021-02-01 00:00:00","java","7530"
"2021-02-01 00:00:00","javascript","15162"
"2021-02-01 00:00:00","perl","133"
"2021-02-01 00:00:00","php","4374"
"2021-02-01 00:00:00","python","21264"
"2021-02-01 00:00:00","r","4310"
"2021-02-01 00:00:00","ruby","528"
"2021-02-01 00:00:00","swift","2244"
"2021-03-01 00:00:00","assembly","317"
"2021-03-01 00:00:00","c","2469"
"2021-03-01 00:00:00","c#","6348"
"2021-03-01 00:00:00","c++","4269"
"2021-03-01 00:00:00","delphi","253"
"2021-03-01 00:00:00","go","751"
"2021-03-01 00:00:00","java","8613"
"2021-03-01 00:00:00","javascript","16647"
"2021-03-01 00:00:00","perl","151"
"2021-03-01 00:00:00","php","4718"
"2021-03-01 00:00:00","python","23664"
"2021-03-01 00:00:00","r","5156"
"2021-03-01 00:00:00","ruby","495"
"2021-03-01 00:00:00","swift","2367"
"2021-04-01 00:00:00","assembly","318"
"2021-04-01 00:00:00","c","2284"
"2021-04-01 00:00:00","c#","5852"
"2021-04-01 00:00:00","c++","3904"
"2021-04-01 00:00:00","delphi","170"
"2021-04-01 00:00:00","go","621"
"2021-04-01 00:00:00","java","7864"
"2021-04-01 00:00:00","javascript","15752"
"2021-04-01 00:00:00","perl","133"
"2021-04-01 00:00:00","php","4288"
"2021-04-01 00:00:00","python","22231"
"2021-04-01 00:00:00","r","4775"
"2021-04-01 00:00:00","ruby","515"
"2021-04-01 00:00:00","swift","2093"
"2021-05-01 00:00:00","assembly","300"
"2021-05-01 00:00:00","c","2071"
"2021-05-01 00:00:00","c#","5690"
"2021-05-01 00:00:00","c++","4153"
"2021-05-01 00:00:00","delphi","167"
"2021-05-01 00:00:00","go","638"
"2021-05-01 00:00:00","java","7891"
"2021-05-01 00:00:00","javascript","15694"
"2021-05-01 00:00:00","perl","120"
"2021-05-01 00:00:00","php","4243"
"2021-05-01 00:00:00","python","22229"
"2021-05-01 00:00:00","r","4651"
"2021-05-01 00:00:00","ruby","398"
"2021-05-01 00:00:00","swift","1844"
"2021-06-01 00:00:00","assembly","257"
"2021-06-01 00:00:00","c","1857"
"2021-06-01 00:00:00","c#","5585"
"2021-06-01 00:00:00","c++","3796"
"2021-06-01 00:00:00","delphi","125"
"2021-06-01 00:00:00","go","605"
"2021-06-01 00:00:00","java","7530"
"2021-06-01 00:00:00","javascript","14878"
"2021-06-01 00:00:00","perl","154"
"2021-06-01 00:00:00","php","4054"
"2021-06-01 00:00:00","python","20724"
"2021-06-01 00:00:00","r","4267"
"2021-06-01 00:00:00","ruby","417"
"2021-06-01 00:00:00","swift","1776"
"2021-07-01 00:00:00","assembly","184"
"2021-07-01 00:00:00","c","1600"
"2021-07-01 00:00:00","c#","5163"
"2021-07-01 00:00:00","c++","3461"
"2021-07-01 00:00:00","delphi","139"
"2021-07-01 00:00:00","go","599"
"2021-07-01 00:00:00","java","6898"
"2021-07-01 00:00:00","javascript","14643"
"2021-07-01 00:00:00","perl","138"
"2021-07-01 00:00:00","php","3872"
"2021-07-01 00:00:00","python","20416"
"2021-07-01 00:00:00","r","4036"
"2021-07-01 00:00:00","ruby","444"
"2021-07-01 00:00:00","swift","1949"
"2021-08-01 00:00:00","assembly","161"
"2021-08-01 00:00:00","c","1515"
"2021-08-01 00:00:00","c#","5074"
"2021-08-01 00:00:00","c++","3217"
"2021-08-01 00:00:00","delphi","133"
"2021-08-01 00:00:00","go","735"
"2021-08-01 00:00:00","java","6687"
"2021-08-01 00:00:00","javascript","14490"
"2021-08-01 00:00:00","perl","118"
"2021-08-01 00:00:00","php","3835"
"2021-08-01 00:00:00","python","19663"
"2021-08-01 00:00:00","r","4019"
"2021-08-01 00:00:00","ruby","445"
"2021-08-01 00:00:00","swift","1877"
"2021-09-01 00:00:00","assembly","190"
"2021-09-01 00:00:00","c","1695"
"2021-09-01 00:00:00","c#","5016"
"2021-09-01 00:00:00","c++","3567"
"2021-09-01 00:00:00","delphi","133"
"2021-09-01 00:00:00","go","615"
"2021-09-01 00:00:00","java","6565"
"2021-09-01 00:00:00","javascript","14311"
"2021-09-01 00:00:00","perl","112"
"2021-09-01 00:00:00","php","3693"
"2021-09-01 00:00:00","python","18865"
"2021-09-01 00:00:00","r","3889"
"2021-09-01 00:00:00","ruby","444"
"2021-09-01 00:00:00","swift","1611"
"2021-10-01 00:00:00","assembly","203"
"2021-10-01 00:00:00","c","2084"
"2021-10-01 00:00:00","c#","5244"
"2021-10-01 00:00:00","c++","3685"
"2021-10-01 00:00:00","delphi","142"
"2021-10-01 00:00:00","go","697"
"2021-10-01 00:00:00","java","6509"
"2021-10-01 00:00:00","javascript","13710"
"2021-10-01 00:00:00","perl","127"
"2021-10-01 00:00:00","php","3575"
"2021-10-01 00:00:00","python","19656"
"2021-10-01 00:00:00","r","4157"
"2021-10-01 00:00:00","ruby","412"
"2021-10-01 00:00:00","swift","1560"
"2021-11-01 00:00:00","assembly","279"
"2021-11-01 00:00:00","c","2197"
"2021-11-01 00:00:00","c#","5547"
"2021-11-01 00:00:00","c++","3781"
"2021-11-01 00:00:00","delphi","138"
"2021-11-01 00:00:00","go","646"
"2021-11-01 00:00:00","java","6859"
"2021-11-01 00:00:00","javascript","13336"
"2021-11-01 00:00:00","perl","76"
"2021-11-01 00:00:00","php","3463"
"2021-11-01 00:00:00","python","19889"
"2021-11-01 00:00:00","r","4017"
"2021-11-01 00:00:00","ruby","391"
"2021-11-01 00:00:00","swift","1526"
"2021-12-01 00:00:00","assembly","261"
"2021-12-01 00:00:00","c","2084"
"2021-12-01 00:00:00","c#","4993"
"2021-12-01 00:00:00","c++","3540"
"2021-12-01 00:00:00","delphi","143"
"2021-12-01 00:00:00","go","710"
"2021-12-01 00:00:00","java","6132"
"2021-12-01 00:00:00","javascript","12967"
"2021-12-01 00:00:00","perl","100"
"2021-12-01 00:00:00","php","3215"
"2021-12-01 00:00:00","python","18872"
"2021-12-01 00:00:00","r","3533"
"2021-12-01 00:00:00","ruby","365"
"2021-12-01 00:00:00","swift","1409"
"2022-01-01 00:00:00","assembly","226"
"2022-01-01 00:00:00","c","1937"
"2022-01-01 00:00:00","c#","5231"
"2022-01-01 00:00:00","c++","3581"
"2022-01-01 00:00:00","delphi","132"
"2022-01-01 00:00:00","go","736"
"2022-01-01 00:00:00","java","6382"
"2022-01-01 00:00:00","javascript","13840"
"2022-01-01 00:00:00","perl","126"
"2022-01-01 00:00:00","php","3353"
"2022-01-01 00:00:00","python","19535"
"2022-01-01 00:00:00","r","3838"
"2022-01-01 00:00:00","ruby","441"
"2022-01-01 00:00:00","swift","1720"
"2022-02-01 00:00:00","assembly","210"
"2022-02-01 00:00:00","c","1664"
"2022-02-01 00:00:00","c#","5053"
"2022-02-01 00:00:00","c++","3165"
"2022-02-01 00:00:00","delphi","166"
"2022-02-01 00:00:00","go","640"
"2022-02-01 00:00:00","java","5856"
"2022-02-01 00:00:00","javascript","12695"
"2022-02-01 00:00:00","perl","94"
"2022-02-01 00:00:00","php","3085"
"2022-02-01 00:00:00","python","19112"
"2022-02-01 00:00:00","r","3897"
"2022-02-01 00:00:00","ruby","403"
"2022-02-01 00:00:00","swift","1587"
"2022-03-01 00:00:00","assembly","232"
"2022-03-01 00:00:00","c","1930"
"2022-03-01 00:00:00","c#","5621"
"2022-03-01 00:00:00","c++","3476"
"2022-03-01 00:00:00","delphi","119"
"2022-03-01 00:00:00","go","754"
"2022-03-01 00:00:00","java","6513"
"2022-03-01 00:00:00","javascript","13456"
"2022-03-01 00:00:00","perl","103"
"2022-03-01 00:00:00","php","3106"
"2022-03-01 00:00:00","python","20555"
"2022-03-01 00:00:00","r","4469"
"2022-03-01 00:00:00","ruby","441"
"2022-03-01 00:00:00","swift","1727"
"2022-04-01 00:00:00","assembly","244"
"2022-04-01 00:00:00","c","1726"
"2022-04-01 00:00:00","c#","5162"
"2022-04-01 00:00:00","c++","3429"
"2022-04-01 00:00:00","delphi","112"
"2022-04-01 00:00:00","go","705"
"2022-04-01 00:00:00","java","6297"
"2022-04-01 00:00:00","javascript","13332"
"2022-04-01 00:00:00","perl","100"
"2022-04-01 00:00:00","php","3143"
"2022-04-01 00:00:00","python","19651"
"2022-04-01 00:00:00","r","4167"
"2022-04-01 00:00:00","ruby","431"
"2022-04-01 00:00:00","swift","1437"
"2022-05-01 00:00:00","assembly","251"
"2022-05-01 00:00:00","c","1755"
"2022-05-01 00:00:00","c#","5462"
"2022-05-01 00:00:00","c++","3500"
"2022-05-01 00:00:00","delphi","118"
"2022-05-01 00:00:00","go","601"
"2022-05-01 00:00:00","java","6417"
"2022-05-01 00:00:00","javascript","13186"
"2022-05-01 00:00:00","perl","90"
"2022-05-01 00:00:00","php","3341"
"2022-05-01 00:00:00","python","19249"
"2022-05-01 00:00:00","r","4130"
"2022-05-01 00:00:00","ruby","435"
"2022-05-01 00:00:00","swift","1447"
"2022-06-01 00:00:00","assembly","234"
"2022-06-01 00:00:00","c","1549"
"2022-06-01 00:00:00","c#","5266"
"2022-06-01 00:00:00","c++","3035"
"2022-06-01 00:00:00","delphi","110"
"2022-06-01 00:00:00","go","673"
"2022-06-01 00:00:00","java","5652"
"2022-06-01 00:00:00","javascript","12491"
"2022-06-01 00:00:00","perl","123"
"2022-06-01 00:00:00","php","3156"
"2022-06-01 00:00:00","python","18604"
"2022-06-01 00:00:00","r","3876"
"2022-06-01 00:00:00","ruby","423"
"2022-06-01 00:00:00","swift","1496"
"2022-07-01 00:00:00","assembly","202"
"2022-07-01 00:00:00","c","1368"
"2022-07-01 00:00:00","c#","5193"
"2022-07-01 00:00:00","c++","2952"
"2022-07-01 00:00:00","delphi","117"
"2022-07-01 00:00:00","go","678"
"2022-07-01 00:00:00","java","5353"
"2022-07-01 00:00:00","javascript","12620"
"2022-07-01 00:00:00","perl","124"
"2022-07-01 00:00:00","php","3061"
"2022-07-01 00:00:00","python","18883"
"2022-07-01 00:00:00","r","3645"
"2022-07-01 00:00:00","ruby","403"
"2022-07-01 00:00:00","swift","1460"
"2022-08-01 00:00:00","assembly","162"
"2022-08-01 00:00:00","c","1425"
"2022-08-01 00:00:00","c#","5448"
"2022-08-01 00:00:00","c++","2925"
"2022-08-01 00:00:00","delphi","115"
"2022-08-01 00:00:00","go","786"
"2022-08-01 00:00:00","java","5260"
"2022-08-01 00:00:00","javascript","12963"
"2022-08-01 00:00:00","perl","116"
"2022-08-01 00:00:00","php","3096"
"2022-08-01 00:00:00","python","18535"
"2022-08-01 00:00:00","r","3772"
"2022-08-01 00:00:00","ruby","424"
"2022-08-01 00:00:00","swift","1464"
"2022-09-01 00:00:00","assembly","174"
"2022-09-01 00:00:00","c","1536"
"2022-09-01 00:00:00","c#","4953"
"2022-09-01 00:00:00","c++","2759"
"2022-09-01 00:00:00","delphi","134"
"2022-09-01 00:00:00","go","783"
"2022-09-01 00:00:00","java","5001"
"2022-09-01 00:00:00","javascript","11792"
"2022-09-01 00:00:00","perl","82"
"2022-09-01 00:00:00","php","2814"
"2022-09-01 00:00:00","python","16968"
"2022-09-01 00:00:00","r","3527"
"2022-09-01 00:00:00","ruby","399"
"2022-09-01 00:00:00","swift","1483"
"2022-10-01 00:00:00","assembly","217"
"2022-10-01 00:00:00","c","1871"
"2022-10-01 00:00:00","c#","5001"
"2022-10-01 00:00:00","c++","2910"
"2022-10-01 00:00:00","delphi","137"
"2022-10-01 00:00:00","go","674"
"2022-10-01 00:00:00","java","5239"
"2022-10-01 00:00:00","javascript","11519"
"2022-10-01 00:00:00","perl","80"
"2022-10-01 00:00:00","php","2747"
"2022-10-01 00:00:00","python","18379"
"2022-10-01 00:00:00","r","3901"
"2022-10-01 00:00:00","ruby","371"
"2022-10-01 00:00:00","swift","1321"
"2022-11-01 00:00:00","assembly","267"
"2022-11-01 00:00:00","c","1990"
"2022-11-01 00:00:00","c#","5137"
"2022-11-01 00:00:00","c++","2938"
"2022-11-01 00:00:00","delphi","106"
"2022-11-01 00:00:00","go","693"
"2022-11-01 00:00:00","java","5363"
"2022-11-01 00:00:00","javascript","11620"
"2022-11-01 00:00:00","perl","107"
"2022-11-01 00:00:00","php","2761"
"2022-11-01 00:00:00","python","18712"
"2022-11-01 00:00:00","r","3978"
"2022-11-01 00:00:00","ruby","412"
"2022-11-01 00:00:00","swift","1373"
"2022-12-01 00:00:00","assembly","253"
"2022-12-01 00:00:00","c","1705"
"2022-12-01 00:00:00","c#","4630"
"2022-12-01 00:00:00","c++","2582"
"2022-12-01 00:00:00","delphi","81"
"2022-12-01 00:00:00","go","595"
"2022-12-01 00:00:00","java","4754"
"2022-12-01 00:00:00","javascript","10157"
"2022-12-01 00:00:00","perl","93"
"2022-12-01 00:00:00","php","2337"
"2022-12-01 00:00:00","python","15728"
"2022-12-01 00:00:00","r","3197"
"2022-12-01 00:00:00","ruby","341"
"2022-12-01 00:00:00","swift","1217"
"2023-01-01 00:00:00","assembly","223"
"2023-01-01 00:00:00","c","1419"
"2023-01-01 00:00:00","c#","4666"
"2023-01-01 00:00:00","c++","2391"
"2023-01-01 00:00:00","delphi","107"
"2023-01-01 00:00:00","go","686"
"2023-01-01 00:00:00","java","4648"
"2023-01-01 00:00:00","javascript","9936"
"2023-01-01 00:00:00","perl","71"
"2023-01-01 00:00:00","php","2517"
"2023-01-01 00:00:00","python","14878"
"2023-01-01 00:00:00","r","3245"
"2023-01-01 00:00:00","ruby","325"
"2023-01-01 00:00:00","swift","1197"
"2023-02-01 00:00:00","assembly","169"
"2023-02-01 00:00:00","c","1218"
"2023-02-01 00:00:00","c#","4093"
"2023-02-01 00:00:00","c++","2028"
"2023-02-01 00:00:00","delphi","121"
"2023-02-01 00:00:00","go","617"
"2023-02-01 00:00:00","java","4061"
"2023-02-01 00:00:00","javascript","8413"
"2023-02-01 00:00:00","perl","78"
"2023-02-01 00:00:00","php","2001"
"2023-02-01 00:00:00","python","12944"
"2023-02-01 00:00:00","r","3249"
"2023-02-01 00:00:00","ruby","311"
"2023-02-01 00:00:00","swift","1059"
"2023-03-01 00:00:00","assembly","157"
"2023-03-01 00:00:00","c","1172"
"2023-03-01 00:00:00","c#","4214"
"2023-03-01 00:00:00","c++","2309"
"2023-03-01 00:00:00","delphi","120"
"2023-03-01 00:00:00","go","591"
"2023-03-01 00:00:00","java","4410"
"2023-03-01 00:00:00","javascript","8387"
"2023-03-01 00:00:00","perl","93"
"2023-03-01 00:00:00","php","1876"
"2023-03-01 00:00:00","python","12698"
"2023-03-01 00:00:00","r","3266"
"2023-03-01 00:00:00","ruby","262"
"2023-03-01 00:00:00","swift","1125"
"2023-04-01 00:00:00","assembly","176"
"2023-04-01 00:00:00","c","1088"
"2023-04-01 00:00:00","c#","3284"
"2023-04-01 00:00:00","c++","1755"
"2023-04-01 00:00:00","delphi","113"
"2023-04-01 00:00:00","go","477"
"2023-04-01 00:00:00","java","3546"
"2023-04-01 00:00:00","javascript","6491"
"2023-04-01 00:00:00","perl","55"
"2023-04-01 00:00:00","php","1573"
"2023-04-01 00:00:00","python","9982"
"2023-04-01 00:00:00","r","2568"
"2023-04-01 00:00:00","ruby","198"
"2023-04-01 00:00:00","swift","888"
"2023-05-01 00:00:00","assembly","156"
"2023-05-01 00:00:00","c","975"
"2023-05-01 00:00:00","c#","3209"
"2023-05-01 00:00:00","c++","1618"
"2023-05-01 00:00:00","delphi","100"
"2023-05-01 00:00:00","go","390"
"2023-05-01 00:00:00","java","3275"
"2023-05-01 00:00:00","javascript","6070"
"2023-05-01 00:00:00","perl","52"
"2023-05-01 00:00:00","php","1588"
"2023-05-01 00:00:00","python","9485"
"2023-05-01 00:00:00","r","2343"
"2023-05-01 00:00:00","ruby","220"
"2023-05-01 00:00:00","swift","799"
"2023-06-01 00:00:00","assembly","139"
"2023-06-01 00:00:00","c","811"
"2023-06-01 00:00:00","c#","3222"
"2023-06-01 00:00:00","c++","1631"
"2023-06-01 00:00:00","delphi","106"
"2023-06-01 00:00:00","go","492"
"2023-06-01 00:00:00","java","3290"
"2023-06-01 00:00:00","javascript","5828"
"2023-06-01 00:00:00","perl","54"
"2023-06-01 00:00:00","php","1538"
"2023-06-01 00:00:00","python","9000"
"2023-06-01 00:00:00","r","2196"
"2023-06-01 00:00:00","ruby","189"
"2023-06-01 00:00:00","swift","925"
"2023-07-01 00:00:00","assembly","150"
"2023-07-01 00:00:00","c","835"
"2023-07-01 00:00:00","c#","3259"
"2023-07-01 00:00:00","c++","1651"
"2023-07-01 00:00:00","delphi","92"
"2023-07-01 00:00:00","go","486"
"2023-07-01 00:00:00","java","3126"
"2023-07-01 00:00:00","javascript","5873"
"2023-07-01 00:00:00","perl","65"
"2023-07-01 00:00:00","php","1438"
"2023-07-01 00:00:00","python","8968"
"2023-07-01 00:00:00","r","2014"
"2023-07-01 00:00:00","ruby","200"
"2023-07-01 00:00:00","swift","932"
"2023-08-01 00:00:00","assembly","135"
"2023-08-01 00:00:00","c","792"
"2023-08-01 00:00:00","c#","3075"
"2023-08-01 00:00:00","c++","1509"
"2023-08-01 00:00:00","delphi","93"
"2023-08-01 00:00:00","go","460"
"2023-08-01 00:00:00","java","3028"
"2023-08-01 00:00:00","javascript","5191"
"2023-08-01 00:00:00","perl","48"
"2023-08-01 00:00:00","php","1494"
"2023-08-01 00:00:00","python","8192"
"2023-08-01 00:00:00","r","1990"
"2023-08-01 00:00:00","ruby","175"
"2023-08-01 00:00:00","swift","766"
"2023-09-01 00:00:00","assembly","135"
"2023-09-01 00:00:00","c","809"
"2023-09-01 00:00:00","c#","2634"
"2023-09-01 00:00:00","c++","1379"
"2023-09-01 00:00:00","delphi","98"
"2023-09-01 00:00:00","go","395"
"2023-09-01 00:00:00","java","2656"
"2023-09-01 00:00:00","javascript","4449"
"2023-09-01 00:00:00","perl","58"
"2023-09-01 00:00:00","php","1365"
"2023-09-01 00:00:00","python","6905"
"2023-09-01 00:00:00","r","1726"
"2023-09-01 00:00:00","ruby","164"
"2023-09-01 00:00:00","swift","712"
"2023-10-01 00:00:00","assembly","154"
"2023-10-01 00:00:00","c","873"
"2023-10-01 00:00:00","c#","2609"
"2023-10-01 00:00:00","c++","1525"
"2023-10-01 00:00:00","delphi","143"
"2023-10-01 00:00:00","go","393"
"2023-10-01 00:00:00","java","2627"
"2023-10-01 00:00:00","javascript","4108"
"2023-10-01 00:00:00","perl","52"
"2023-10-01 00:00:00","php","1186"
"2023-10-01 00:00:00","python","7030"
"2023-10-01 00:00:00","r","1710"
"2023-10-01 00:00:00","ruby","163"
"2023-10-01 00:00:00","swift","727"
"2023-11-01 00:00:00","assembly","155"
"2023-11-01 00:00:00","c","881"
"2023-11-01 00:00:00","c#","2614"
"2023-11-01 00:00:00","c++","1308"
"2023-11-01 00:00:00","delphi","97"
"2023-11-01 00:00:00","go","381"
"2023-11-01 00:00:00","java","2547"
"2023-11-01 00:00:00","javascript","3954"
"2023-11-01 00:00:00","perl","43"
"2023-11-01 00:00:00","php","1162"
"2023-11-01 00:00:00","python","6664"
"2023-11-01 00:00:00","r","1646"
"2023-11-01 00:00:00","ruby","132"
"2023-11-01 00:00:00","swift","704"
"2023-12-01 00:00:00","assembly","164"
"2023-12-01 00:00:00","c","803"
"2023-12-01 00:00:00","c#","2232"
"2023-12-01 00:00:00","c++","1282"
"2023-12-01 00:00:00","delphi","69"
"2023-12-01 00:00:00","go","308"
"2023-12-01 00:00:00","java","2005"
"2023-12-01 00:00:00","javascript","3648"
"2023-12-01 00:00:00","perl","53"
"2023-12-01 00:00:00","php","980"
"2023-12-01 00:00:00","python","5538"
"2023-12-01 00:00:00","r","1337"
"2023-12-01 00:00:00","ruby","129"
"2023-12-01 00:00:00","swift","597"
"2024-01-01 00:00:00","assembly","161"
"2024-01-01 00:00:00","c","783"
"2024-01-01 00:00:00","c#","2290"
"2024-01-01 00:00:00","c++","1417"
"2024-01-01 00:00:00","delphi","83"
"2024-01-01 00:00:00","go","312"
"2024-01-01 00:00:00","java","2227"
"2024-01-01 00:00:00","javascript","3970"
"2024-01-01 00:00:00","perl","33"
"2024-01-01 00:00:00","php","1117"
"2024-01-01 00:00:00","python","6147"
"2024-01-01 00:00:00","r","1547"
"2024-01-01 00:00:00","ruby","147"
"2024-01-01 00:00:00","swift","696"
"2024-02-01 00:00:00","assembly","118"
"2024-02-01 00:00:00","c","716"
"2024-02-01 00:00:00","c#","2284"
"2024-02-01 00:00:00","c++","1307"
"2024-02-01 00:00:00","delphi","102"
"2024-02-01 00:00:00","go","284"
"2024-02-01 00:00:00","java","2183"
"2024-02-01 00:00:00","javascript","3593"
"2024-02-01 00:00:00","perl","36"
"2024-02-01 00:00:00","php","1034"
"2024-02-01 00:00:00","python","6115"
"2024-02-01 00:00:00","r","1537"
"2024-02-01 00:00:00","ruby","135"
"2024-02-01 00:00:00","swift","592"
"2024-03-01 00:00:00","assembly","127"
"2024-03-01 00:00:00","c","680"
"2024-03-01 00:00:00","c#","2246"
"2024-03-01 00:00:00","c++","1218"
"2024-03-01 00:00:00","delphi","91"
"2024-03-01 00:00:00","go","301"
"2024-03-01 00:00:00","java","2235"
"2024-03-01 00:00:00","javascript","3643"
"2024-03-01 00:00:00","perl","47"
"2024-03-01 00:00:00","php","1117"
"2024-03-01 00:00:00","python","5840"
"2024-03-01 00:00:00","r","1429"
"2024-03-01 00:00:00","ruby","120"
"2024-03-01 00:00:00","swift","594"
"2024-04-01 00:00:00","assembly","170"
"2024-04-01 00:00:00","c","661"
"2024-04-01 00:00:00","c#","2258"
"2024-04-01 00:00:00","c++","1162"
"2024-04-01 00:00:00","delphi","101"
"2024-04-01 00:00:00","go","288"
"2024-04-01 00:00:00","java","2023"
"2024-04-01 00:00:00","javascript","3199"
"2024-04-01 00:00:00","perl","25"
"2024-04-01 00:00:00","php","964"
"2024-04-01 00:00:00","python","5734"
"2024-04-01 00:00:00","r","1322"
"2024-04-01 00:00:00","ruby","109"
"2024-04-01 00:00:00","swift","574"
"2024-05-01 00:00:00","assembly","148"
"2024-05-01 00:00:00","c","605"
"2024-05-01 00:00:00","c#","2031"
"2024-05-01 00:00:00","c++","1273"
"2024-05-01 00:00:00","delphi","88"
"2024-05-01 00:00:00","go","252"
"2024-05-01 00:00:00","java","1777"
"2024-05-01 00:00:00","javascript","3065"
"2024-05-01 00:00:00","perl","38"
"2024-05-01 00:00:00","php","909"
"2024-05-01 00:00:00","python","5417"
"2024-05-01 00:00:00","r","1174"
"2024-05-01 00:00:00","ruby","98"
"2024-05-01 00:00:00","swift","491"
"2024-06-01 00:00:00","assembly","82"
"2024-06-01 00:00:00","c","494"
"2024-06-01 00:00:00","c#","1659"
"2024-06-01 00:00:00","c++","976"
"2024-06-01 00:00:00","delphi","63"
"2024-06-01 00:00:00","go","213"
"2024-06-01 00:00:00","java","1391"
"2024-06-01 00:00:00","javascript","2240"
"2024-06-01 00:00:00","perl","29"
"2024-06-01 00:00:00","php","761"
"2024-06-01 00:00:00","python","4168"
"2024-06-01 00:00:00","r","943"
"2024-06-01 00:00:00","ruby","92"
"2024-06-01 00:00:00","swift","473"
"2024-07-01 00:00:00","assembly","86"
"2024-07-01 00:00:00","c","511"
"2024-07-01 00:00:00","c#","1743"
"2024-07-01 00:00:00","c++","1007"
"2024-07-01 00:00:00","delphi","51"
"2024-07-01 00:00:00","go","238"
"2024-07-01 00:00:00","java","1232"
"2024-07-01 00:00:00","javascript","2166"
"2024-07-01 00:00:00","perl","31"
"2024-07-01 00:00:00","php","694"
"2024-07-01 00:00:00","python","4084"
"2024-07-01 00:00:00","r","910"
"2024-07-01 00:00:00","ruby","85"
"2024-07-01 00:00:00","swift","466"
"2024-08-01 00:00:00","assembly","104"
"2024-08-01 00:00:00","c","455"
"2024-08-01 00:00:00","c#","1577"
"2024-08-01 00:00:00","c++","935"
"2024-08-01 00:00:00","delphi","71"
"2024-08-01 00:00:00","go","187"
"2024-08-01 00:00:00","java","1001"
"2024-08-01 00:00:00","javascript","1941"
"2024-08-01 00:00:00","perl","41"
"2024-08-01 00:00:00","php","642"
"2024-08-01 00:00:00","python","3610"
"2024-08-01 00:00:00","r","769"
"2024-08-01 00:00:00","ruby","98"
"2024-08-01 00:00:00","swift","424"
"2024-09-01 00:00:00","assembly","82"
"2024-09-01 00:00:00","c","422"
"2024-09-01 00:00:00","c#","1335"
"2024-09-01 00:00:00","c++","896"
"2024-09-01 00:00:00","delphi","59"
"2024-09-01 00:00:00","go","142"
"2024-09-01 00:00:00","java","1055"
"2024-09-01 00:00:00","javascript","1681"
"2024-09-01 00:00:00","perl","26"
"2024-09-01 00:00:00","php","518"
"2024-09-01 00:00:00","python","2939"
"2024-09-01 00:00:00","r","659"
"2024-09-01 00:00:00","ruby","69"
"2024-09-01 00:00:00","swift","381"
"2024-10-01 00:00:00","assembly","84"
"2024-10-01 00:00:00","c","447"
"2024-10-01 00:00:00","c#","1347"
"2024-10-01 00:00:00","c++","851"
"2024-10-01 00:00:00","delphi","76"
"2024-10-01 00:00:00","go","170"
"2024-10-01 00:00:00","java","1229"
"2024-10-01 00:00:00","javascript","1460"
"2024-10-01 00:00:00","perl","21"
"2024-10-01 00:00:00","php","549"
"2024-10-01 00:00:00","python","2724"
"2024-10-01 00:00:00","r","690"
"2024-10-01 00:00:00","ruby","49"
"2024-10-01 00:00:00","swift","370"
"2024-11-01 00:00:00","assembly","94"
"2024-11-01 00:00:00","c","390"
"2024-11-01 00:00:00","c#","1184"
"2024-11-01 00:00:00","c++","790"
"2024-11-01 00:00:00","delphi","52"
"2024-11-01 00:00:00","go","112"
"2024-11-01 00:00:00","java","1003"
"2024-11-01 00:00:00","javascript","1288"
"2024-11-01 00:00:00","perl","20"
"2024-11-01 00:00:00","php","460"
"2024-11-01 00:00:00","python","2501"
"2024-11-01 00:00:00","r","628"
"2024-11-01 00:00:00","ruby","66"
"2024-11-01 00:00:00","swift","328"
"2024-12-01 00:00:00","assembly","90"
"2024-12-01 00:00:00","c","320"
"2024-12-01 00:00:00","c#","910"
"2024-12-01 00:00:00","c++","628"
"2024-12-01 00:00:00","delphi","38"
"2024-12-01 00:00:00","go","107"
"2024-12-01 00:00:00","java","940"
"2024-12-01 00:00:00","javascript","1122"
"2024-12-01 00:00:00","perl","24"
"2024-12-01 00:00:00","php","368"
"2024-12-01 00:00:00","python","2166"
"2024-12-01 00:00:00","r","494"
"2024-12-01 00:00:00","ruby","45"
"2024-12-01 00:00:00","swift","265"
"2025-01-01 00:00:00","assembly","67"
"2025-01-01 00:00:00","c","317"
"2025-01-01 00:00:00","c#","991"
"2025-01-01 00:00:00","c++","646"
"2025-01-01 00:00:00","delphi","53"
"2025-01-01 00:00:00","go","129"
"2025-01-01 00:00:00","java","927"
"2025-01-01 00:00:00","javascript","1145"
"2025-01-01 00:00:00","perl","24"
"2025-01-01 00:00:00","php","435"
"2025-01-01 00:00:00","python","2169"
"2025-01-01 00:00:00","r","489"
"2025-01-01 00:00:00","ruby","47"
"2025-01-01 00:00:00","swift","287"
"2025-02-01 00:00:00","assembly","54"
"2025-02-01 00:00:00","c","268"
"2025-02-01 00:00:00","c#","850"
"2025-02-01 00:00:00","c++","560"
"2025-02-01 00:00:00","delphi","53"
"2025-02-01 00:00:00","go","89"
"2025-02-01 00:00:00","java","759"
"2025-02-01 00:00:00","javascript","911"
"2025-02-01 00:00:00","perl","15"
"2025-02-01 00:00:00","php","300"
"2025-02-01 00:00:00","python","1809"
"2025-02-01 00:00:00","r","465"
"2025-02-01 00:00:00","ruby","46"
"2025-02-01 00:00:00","swift","257"
"2025-03-01 00:00:00","assembly","52"
"2025-03-01 00:00:00","c","303"
"2025-03-01 00:00:00","c#","799"
"2025-03-01 00:00:00","c++","649"
"2025-03-01 00:00:00","delphi","52"
"2025-03-01 00:00:00","go","89"
"2025-03-01 00:00:00","java","722"
"2025-03-01 00:00:00","javascript","890"
"2025-03-01 00:00:00","perl","16"
"2025-03-01 00:00:00","php","302"
"2025-03-01 00:00:00","python","1852"
"2025-03-01 00:00:00","r","465"
"2025-03-01 00:00:00","ruby","42"
"2025-03-01 00:00:00","swift","246"
"2025-04-01 00:00:00","assembly","46"
"2025-04-01 00:00:00","c","197"
"2025-04-01 00:00:00","c#","558"
"2025-04-01 00:00:00","c++","482"
"2025-04-01 00:00:00","delphi","34"
"2025-04-01 00:00:00","go","59"
"2025-04-01 00:00:00","java","647"
"2025-04-01 00:00:00","javascript","629"
"2025-04-01 00:00:00","perl","15"
"2025-04-01 00:00:00","php","213"
"2025-04-01 00:00:00","python","1474"
"2025-04-01 00:00:00","r","375"
"2025-04-01 00:00:00","ruby","30"
"2025-04-01 00:00:00","swift","184"
"2025-05-01 00:00:00","assembly","34"
"2025-05-01 00:00:00","c","198"
"2025-05-01 00:00:00","c#","520"
"2025-05-01 00:00:00","c++","443"
"2025-05-01 00:00:00","delphi","34"
"2025-05-01 00:00:00","go","53"
"2025-05-01 00:00:00","java","588"
"2025-05-01 00:00:00","javascript","599"
"2025-05-01 00:00:00","perl","16"
"2025-05-01 00:00:00","php","222"
"2025-05-01 00:00:00","python","1352"
"2025-05-01 00:00:00","r","272"
"2025-05-01 00:00:00","ruby","28"
"2025-05-01 00:00:00","swift","187"
"2025-06-01 00:00:00","assembly","35"
"2025-06-01 00:00:00","c","173"
"2025-06-01 00:00:00","c#","446"
"2025-06-01 00:00:00","c++","390"
"2025-06-01 00:00:00","delphi","33"
"2025-06-01 00:00:00","go","48"
"2025-06-01 00:00:00","java","410"
"2025-06-01 00:00:00","javascript","452"
"2025-06-01 00:00:00","perl","15"
"2025-06-01 00:00:00","php","160"
"2025-06-01 00:00:00","python","1015"
"2025-06-01 00:00:00","r","249"
"2025-06-01 00:00:00","ruby","25"
"2025-06-01 00:00:00","swift","137"
"2025-07-01 00:00:00","assembly","34"
"2025-07-01 00:00:00","c","147"
"2025-07-01 00:00:00","c#","411"
"2025-07-01 00:00:00","c++","337"
"2025-07-01 00:00:00","delphi","28"
"2025-07-01 00:00:00","go","17"
"2025-07-01 00:00:00","java","378"
"2025-07-01 00:00:00","javascript","424"
"2025-07-01 00:00:00","perl","15"
"2025-07-01 00:00:00","php","102"
"2025-07-01 00:00:00","python","938"
"2025-07-01 00:00:00","r","204"
"2025-07-01 00:00:00","ruby","13"
"2025-07-01 00:00:00","swift","148"
"2025-08-01 00:00:00","assembly","22"
"2025-08-01 00:00:00","c","120"
"2025-08-01 00:00:00","c#","315"
"2025-08-01 00:00:00","c++","290"
"2025-08-01 00:00:00","delphi","34"
"2025-08-01 00:00:00","go","40"
"2025-08-01 00:00:00","java","274"
"2025-08-01 00:00:00","javascript","284"
"2025-08-01 00:00:00","perl","5"
"2025-08-01 00:00:00","php","82"
"2025-08-01 00:00:00","python","707"
"2025-08-01 00:00:00","r","156"
"2025-08-01 00:00:00","ruby","16"
"2025-08-01 00:00:00","swift","88"
"2025-09-01 00:00:00","assembly","22"
"2025-09-01 00:00:00","c","123"
"2025-09-01 00:00:00","c#","283"
"2025-09-01 00:00:00","c++","248"
"2025-09-01 00:00:00","delphi","21"
"2025-09-01 00:00:00","go","33"
"2025-09-01 00:00:00","java","294"
"2025-09-01 00:00:00","javascript","283"
"2025-09-01 00:00:00","perl","9"
"2025-09-01 00:00:00","php","109"
"2025-09-01 00:00:00","python","672"
"2025-09-01 00:00:00","r","148"
"2025-09-01 00:00:00","ruby","13"
"2025-09-01 00:00:00","swift","120"
"2025-10-01 00:00:00","assembly","40"
"2025-10-01 00:00:00","c","117"
"2025-10-01 00:00:00","c#","281"
"2025-10-01 00:00:00","c++","229"
"2025-10-01 00:00:00","delphi","22"
"2025-10-01 00:00:00","go","32"
"2025-10-01 00:00:00","java","259"
"2025-10-01 00:00:00","javascript","259"
"2025-10-01 00:00:00","perl","7"
"2025-10-01 00:00:00","php","92"
"2025-10-01 00:00:00","python","632"
"2025-10-01 00:00:00","r","183"
"2025-10-01 00:00:00","ruby","10"
"2025-10-01 00:00:00","swift","128"
"2025-11-01 00:00:00","assembly","17"
"2025-11-01 00:00:00","c","101"
"2025-11-01 00:00:00","c#","247"
"2025-11-01 00:00:00","c++","208"
"2025-11-01 00:00:00","delphi","14"
"2025-11-01 00:00:00","go","28"
"2025-11-01 00:00:00","java","241"
"2025-11-01 00:00:00","javascript","213"
"2025-11-01 00:00:00","perl","2"
"2025-11-01 00:00:00","php","78"
"2025-11-01 00:00:00","python","519"
"2025-11-01 00:00:00","r","129"
"2025-11-01 00:00:00","ruby","9"
"2025-11-01 00:00:00","swift","102"
"2025-12-01 00:00:00","assembly","19"
"2025-12-01 00:00:00","c","67"
"2025-12-01 00:00:00","c#","191"
"2025-12-01 00:00:00","c++","150"
"2025-12-01 00:00:00","delphi","16"
"2025-12-01 00:00:00","go","20"
"2025-12-01 00:00:00","java","187"
"2025-12-01 00:00:00","javascript","150"
"2025-12-01 00:00:00","perl","6"
"2025-12-01 00:00:00","php","53"
"2025-12-01 00:00:00","python","407"
"2025-12-01 00:00:00","r","98"
"2025-12-01 00:00:00","ruby","6"
"2025-12-01 00:00:00","swift","88"
"2026-01-01 00:00:00","assembly","19"
"2026-01-01 00:00:00","c","82"
"2026-01-01 00:00:00","c#","154"
"2026-01-01 00:00:00","c++","144"
"2026-01-01 00:00:00","delphi","19"
"2026-01-01 00:00:00","go","24"
"2026-01-01 00:00:00","java","156"
"2026-01-01 00:00:00","javascript","163"
"2026-01-01 00:00:00","perl","4"
"2026-01-01 00:00:00","php","44"
"2026-01-01 00:00:00","python","348"
"2026-01-01 00:00:00","r","67"
"2026-01-01 00:00:00","ruby","7"
"2026-01-01 00:00:00","swift","62"
"2026-02-01 00:00:00","assembly","11"
"2026-02-01 00:00:00","c","57"
"2026-02-01 00:00:00","c#","137"
"2026-02-01 00:00:00","c++","123"
"2026-02-01 00:00:00","delphi","17"
"2026-02-01 00:00:00","go","9"
"2026-02-01 00:00:00","java","114"
"2026-02-01 00:00:00","javascript","85"
"2026-02-01 00:00:00","perl","7"
"2026-02-01 00:00:00","php","35"
"2026-02-01 00:00:00","python","262"
"2026-02-01 00:00:00","r","79"
"2026-02-01 00:00:00","ruby","3"
"2026-02-01 00:00:00","swift","66"
"2026-03-01 00:00:00","assembly","14"
"2026-03-01 00:00:00","c","62"
"2026-03-01 00:00:00","c#","98"
"2026-03-01 00:00:00","c++","114"
"2026-03-01 00:00:00","delphi","5"
"2026-03-01 00:00:00","go","7"
"2026-03-01 00:00:00","java","91"
"2026-03-01 00:00:00","javascript","93"
"2026-03-01 00:00:00","perl","4"
"2026-03-01 00:00:00","php","38"
"2026-03-01 00:00:00","python","224"
"2026-03-01 00:00:00","r","55"
"2026-03-01 00:00:00","ruby","8"
"2026-03-01 00:00:00","swift","35"
"2026-04-01 00:00:00","assembly","12"
"2026-04-01 00:00:00","c","48"
"2026-04-01 00:00:00","c#","99"
"2026-04-01 00:00:00","c++","102"
"2026-04-01 00:00:00","delphi","5"
"2026-04-01 00:00:00","go","6"
"2026-04-01 00:00:00","java","90"
"2026-04-01 00:00:00","javascript","111"
"2026-04-01 00:00:00","perl","10"
"2026-04-01 00:00:00","php","30"
"2026-04-01 00:00:00","python","204"
"2026-04-01 00:00:00","r","67"
"2026-04-01 00:00:00","ruby","1"
"2026-04-01 00:00:00","swift","37"